CountryName,Year,CountryCode,GDP,inv,pop,pop_level,corrupt,govt,stability,quality,ruleoflaw,voice,lsc,edu,adjusted_pop,hc,ln_hc,I,E,P,weighted,ln_weighted,weighted_sq,ln_inv,ln_edu,lag_GDP,ln_lagGDP,growth,CountryID,growth100,CONST_yr,ADJ_yrs,NATO,EU
Albania,1990,ALB,2549.256454324875,.1060549318790436,1.79908559333186,3286542,,,,,,,26.44,.26440001,-2.6883821,2.516158819198608,.92273349,0,0,0,0,,0,-2.243798,-1.3302921,,,,Albania,,1998,-8,0,0
Albania,1991,ALB,1908.952894669689,.0247679501771927,-.602809679480026,3266790,,,,,,,26.455,.26455,-3.1242044,2.515733242034912,.92256433,.2,.2,.3,.24,-1.4271164,.057599999,-3.6982048,-1.329725,2549.2563,7.8435569,-.28924683,Albania,-28.924683,1998,-7,0,0
Albania,1992,ALB,1823.152808419983,.019640913233161,-.606434726201759,3247039,,,,,,,26.455,.26455,-3.1250291,2.515307903289795,.92239523,.9,.9,.3,.66,-.41551545,.43560001,-3.9301405,-1.329725,1908.9529,7.5543103,-.045987546,Albania,-4.5987549,1998,-6,0,0
Albania,1993,ALB,2057.295897351357,.054909024387598,-.610165792730247,3227287,,,,,,,26.455,.26455,-3.1258788,2.514882564544678,.92222613,.9,.9,.4,.7,-.35667494,.49000001,-2.9020777,-1.329725,1823.1528,7.5083227,.12082512,Albania,12.082512,1998,-5,0,0
Albania,1994,ALB,2289.697963960436,.0774241909384727,-.6138805069296031,3207536,,,,,,,26.455,.26455,-3.1267252,2.514457225799561,.92205697,.9,.9,.4,.7,-.35667494,.49000001,-2.5584559,-1.329725,2057.2959,7.6291475,.10702746,Albania,10.702746,1998,-4,0,0
Albania,1996,ALB,2979.826358843397,.0907027721405029,-.62151139901728,3168033,19.4,25.7,35.6,30.4,28.6,29.5,27.895,.27895001,-3.1284666,2.581189393997192,.94825029,,,,,,,,,2289.698,7.7361751,.26344511,Albania,26.344511,1998,-2,0,0
Albania,1998,ALB,3021.034960659204,.0806355476379395,-.6293343925259129,3128530,18.2,24.6,28.7,32.1,19.5,38.8,27.895,.27895001,-3.130255,2.688920259475708,.98913974,,,,,,,,,2979.8264,7.9996204,.013734425,Albania,1.3734425,1998,0,0,0
Albania,2000,ALB,3861.308568377608,.1483617126941681,-.637356833943492,3089027,23.9,19.7,29.6,33.7,18.9,41.3,29.32,.29319999,-3.132092,2.8011474609375,1.0300292,,,,,,,,,3021.0349,8.0133543,.24540667,Albania,24.540667,1998,2,0,0
Albania,2002,ALB,4751.821236592595,.2126343846321106,-.299876697084691,3051010,24.3,30.3,33.9,41.6,26.9,48.3,32.195,.32194999,-3.0575814,2.8291015625,1.0399592,,,,,,,,,3861.3086,8.2587614,.20752183,Albania,20.752182,1998,4,0,0
Albania,2003,ALB,5000.309082270472,.2343156337738037,-.374149169291299,3039616,22.8,35.1,36.2,35.7,28.4,50.2,32.195,.32194999,-3.0735099,2.843183279037476,1.0449243,,,,,,,,,4751.8213,8.4662828,.050971754,Albania,5.0971756,1998,5,0,0
Albania,2004,ALB,5427.796555800217,.2747897505760193,-.417931377925999,3026939,27.6,44.3,30.1,47.8,29.3,49,32.195,.32194999,-3.0830197,2.857334852218628,1.0498893,,,,,,,,,5000.3091,8.5172548,.082033537,Albania,8.2033539,1998,6,0,0
Albania,2005,ALB,5865.238608149005,.3030532598495483,-.511790116421897,3011487,22.9,29.9,29.6,41.2,28.7,51.4,35.07,.35069999,-3.1037161,2.871556758880615,1.0548543,,,,,,,,,5427.7964,8.5992889,.077509932,Albania,7.7509933,1998,7,0,0
Albania,2006,ALB,6566.490567162775,.3346888422966003,-.630911244851673,2992547,22.9,34.1,30,50.5,28.2,49,40.86,.4086,-3.1306157,2.878031730651855,1.0571066,,,,,,,,,5865.2388,8.6767988,.11293634,Albania,11.293634,1998,8,0,0
Albania,2007,ALB,7284.887343453982,.3293398320674896,-.75571875541991,2970017,28.6,41.3,37.7,53.9,30.1,51.9,40.86,.4086,-3.1595976,2.884521484375,1.0593591,,,,,,,,,6566.4907,8.7897348,.10382243,Albania,10.382242,1998,9,0,0
Albania,2008,ALB,8228.131886716557,.3339419662952423,-.767342959142321,2947314,34,42.7,43.3,56.8,34.1,53.4,40.86,.4086,-3.1623402,2.891025543212891,1.0616113,,,,,,,,,7284.8872,8.8935575,.12175705,Albania,12.175705,1998,10,0,0
Albania,2009,ALB,8812.604736864154,.3269724547863007,-.673894046451936,2927519,34.9,48.8,42.2,59.8,37.9,54,40.86,.4086,-3.1405025,2.897544622421265,1.0638638,,,,,,,,,8228.1318,9.0153141,.068624057,Albania,6.8624058,1998,11,1,0
Albania,2010,ALB,9626.664893218443,.2697114646434784,-.49646196338738,2913021,37.1,44,38.4,58.4,42.7,54,46.65,.46650001,-3.1003067,2.904078006744385,1.066116,,,,,,,,,8812.6045,9.0839386,.088353813,Albania,8.8353815,1998,12,1,0
Albania,2011,ALB,10207.16987841613,.2650536298751831,-.269017331764615,2905195,24.6,48.3,37.4,60.7,41.3,52.1,40.565,.40564999,-3.0510373,2.910693407058716,1.0683913,,,,,,,,,9626.665,9.1722918,.058553547,Albania,5.8553548,1998,13,1,0
Albania,2012,ALB,10525.72253488832,.244321808218956,-.165151040121679,2900401,25.1,44.5,40.3,58.8,39.9,50.7,40.565,.40564999,-3.0293202,2.917346239089966,1.0706744,,,,,,,,,10207.17,9.2308455,.03073162,Albania,3.0731621,1998,14,1,0
Albania,2013,ALB,10570.41983260291,.2429529875516891,-.183211384606402,2895092,24.2,44.1,49.3,61.1,39,51.2,40.565,.40564999,-3.0330627,2.924036979675293,1.0729651,,,,,,,,,10525.723,9.2615776,.00423748,Albania,.42374799,1998,15,1,0
Albania,2014,ALB,11258.45727962437,.2399267554283142,-.207046999760594,2889104,34.1,53.4,61.4,63,43.8,50.2,40.565,.40564999,-3.0380235,2.930765867233276,1.0752637,,,,,,,,,10570.42,9.2658148,.063060075,Albania,6.3060074,1998,16,1,1
Albania,2015,ALB,11658.04574940947,.2248192429542542,-.291205786840436,2880703,36.2,54.3,58.1,59.5,44.8,52.7,34.48,.3448,-3.0557382,2.937533378601074,1.0775702,,,,,,,,,11258.457,9.3288746,.03487698,Albania,3.4876981,1998,17,1,1
Armenia,1990,ARM,2756.826098746953,.2651231586933136,3.09395853064584,3556539,,,,,,,59.92,.59920001,-2.5140522,2.948580503463745,1.0813239,0,0,.1,.04,-3.2188759,.0016,-1.3275608,-.51215982,,,,Armenia,,1995,-5,0,0
Armenia,1991,ARM,2474.101591088099,.2173840999603271,1.70315107535054,3617631,,,,,,,61.09,.61089998,-2.7025924,2.962982892990112,1.0861965,.2,.1,.1,.13,-2.0402207,.016899999,-1.5260894,-.49282202,2756.8262,7.9218354,-.10820274,Armenia,-10.820274,1995,-4,0,0
Armenia,1992,ARM,1490.488502512337,.0089137982577085,-1.1978698848239,3574555,,,,,,,61.09,.61089998,-3.2696087,2.977455854415894,1.0910692,.5,.4,.3,.39,-.94160855,.1521,-4.7201548,-.49282202,2474.1016,7.8136325,-.50677341,Armenia,-50.677341,1995,-3,0,0
Armenia,1993,ARM,1438.720123333284,.0513360500335693,-3.33385824449579,3457349,,,,,,,61.09,.61089998,-4.0946593,2.99199914932251,1.0959418,.6,.4,.3,.42,-.86750054,.17640001,-2.969362,-.49282202,1490.4885,7.306859,-.035350021,Armenia,-3.535002,1995,-2,0,0
Armenia,1994,ARM,1587.184684462393,.1610226631164551,-2.44881921637014,3373713,,,,,,,61.09,.61089998,-3.6686139,3.006613731384277,1.1008145,.6,.4,.3,.42,-.86750054,.17640001,-1.8262101,-.49282202,1438.7201,7.2715092,.098207913,Armenia,9.8207912,1995,-1,0,0
Armenia,1996,ARM,1909.805396653642,.1206550598144531,-.721391054169414,3298898,38.2,41.5,34,44,37.7,33,63.7,.63700002,-3.1515422,3.036613464355469,1.1107429,,,,,,,,,1587.1847,7.3697171,.18503954,Armenia,18.503954,1995,1,0,0
Armenia,1998,ARM,2217.210565314727,.1336038708686829,-.948046157437858,3240550,21.9,32.2,25,41.3,40,40.8,63.7,.63700002,-3.205971,3.067474365234375,1.1208545,,,,,,,,,1909.8054,7.5547566,.14924854,Armenia,14.924854,1995,3,0,0
Armenia,2000,ARM,2572.737936986908,.1183367073535919,-1.17678628879226,3168523,25,34.4,25.9,44,36.3,36.3,65.14,.65140003,-3.2640789,3.098649024963379,1.1309662,,,,,,,,,2217.2104,7.7040052,.14872083,Armenia,14.872083,1995,5,0,0
Armenia,2002,ARM,3382.284391252692,.1464432775974274,-.9007830815097559,3105037,28,55.7,37.6,57.3,38.8,36.8,64.86,.64859998,-3.1943743,3.098255634307861,1.1308392,,,,,,,,,2572.738,7.852726,.27358061,Armenia,27.358061,1995,7,0,0
Armenia,2003,ARM,3958.620003183708,.1640119850635529,-.676510249442033,3084102,31.7,50.8,51.8,58.9,44.3,34.8,64.86,.64859998,-3.1411073,3.098059177398682,1.1307758,,,,,,,,,3382.2844,8.1263065,.15734413,Armenia,15.734413,1995,8,0,0
Armenia,2004,ARM,4518.799711445988,.1765080243349075,-.596992234773189,3065745,28.6,52.7,40.8,57.2,38.5,30.3,64.86,.64859998,-3.1228824,3.097862482070923,1.1307124,,,,,,,,,3958.6201,8.2836504,.13235089,Armenia,13.235089,1995,9,0,0
Armenia,2005,ARM,5340.517179426527,.1986384093761444,-.605237484238947,3047246,29.8,51,42.7,55.9,40.7,29.8,64.58,.64579999,-3.1247566,3.097665786743164,1.1306489,,,,,,,,,4518.7998,8.4160013,.16707607,Armenia,16.707607,1995,10,0,0
Armenia,2006,ARM,6274.645061621786,.2200729846954346,-.683602136047238,3026486,29.8,45.9,38.2,58.8,35.9,26.4,65.295,.65294999,-3.1427491,3.100373506546021,1.1315225,,,,,,,,,5340.5171,8.5830774,.16119444,Armenia,16.119444,1995,11,0,0
Armenia,2007,ARM,7381.440960217837,.2204034030437469,-.732665962263764,3004393,26.2,43.2,47.8,59.2,37.8,26,65.295,.65294999,-3.154181,3.103083372116089,1.1323962,,,,,,,,,6274.645,8.7442722,.16245195,Armenia,16.245195,1995,12,0,0
Armenia,2008,ARM,8099.329355039811,.2234840244054794,-.700492224911231,2983421,28.2,50,44.2,60.7,44.2,24.5,65.295,.65294999,-3.1466696,3.105795621871948,1.1332699,,,,,,,,,7381.4409,8.906724,.092812397,Armenia,9.2812395,1995,13,0,0
Armenia,2009,ARM,7045.399360434198,.1587680280208588,-.6431061166878,2964296,30.1,55,52.6,60.8,40.8,23.7,65.295,.65294999,-3.1334107,3.108510255813599,1.1341436,,,,,,,,,8099.3296,8.9995365,-.13940646,Armenia,-13.940646,1995,14,0,0
Armenia,2010,ARM,7332.435561301713,.1395395994186401,-.609179750926293,2946293,27.6,48.8,49.8,60.3,37.9,25.1,66.01000000000001,.66009998,-3.1256542,3.111227512359619,1.1350174,,,,,,,,,7045.3994,8.8601303,.039932895,Armenia,3.9932895,1995,15,0,0
Armenia,2011,ARM,7881.771734684769,.1158483847975731,-.589489609644367,2928976,27.5,51.2,44.1,59.2,41.8,28.2,56.44,.56440002,-3.1211798,3.113956689834595,1.1358942,,,,,,,,,7332.4355,8.9000626,.072244987,Armenia,7.2244987,1995,16,0,0
Armenia,2012,ARM,9279.175400379061,.107241727411747,-.498170160314836,2914421,33.2,55,51.2,62.1,42.3,30,56.44,.56440002,-3.1006863,3.116691589355469,1.136772,,,,,,,,,7881.772,8.9723082,.16321994,Armenia,16.321995,1995,17,0,0
Armenia,2013,ARM,9847.932250535774,.0996814221143723,-.44829630947071,2901385,36,58.8,50.2,59.7,45.1,29.1,56.44,.56440002,-3.0896685,3.119431972503662,1.137651,,,,,,,,,9279.1758,9.1355276,.059488785,Armenia,5.9488783,1995,18,0,0
Armenia,2014,ARM,10153.55561087416,.1071380749344826,-.395592881362063,2889930,35.1,44.2,35.7,56.3,38.5,30.5,56.44,.56440002,-3.0781562,3.122178077697754,1.1385309,,,,,,,,,9847.9326,9.1950169,.030562405,Armenia,3.0562406,1995,19,0,0
Armenia,2015,ARM,10183.92792768112,.1034170389175415,-.392995248824912,2878595,31.4,41.9,37.1,60,38.6,29.6,46.87,.46869999,-3.0775924,3.124930143356323,1.1394119,,,,,,,,,10153.556,9.2255793,.0029868283,Armenia,.29868284,1995,20,0,0
Bulgaria,1990,BGR,7545.533056415901,.0674702599644661,-1.80375047906806,8718289,,,,,,,27.84,.2784,-3.443192,2.745526075363159,1.0099727,0,.5,.1,.19,-1.6607312,.0361,-2.6960683,-1.2786963,,,,Bulgaria,,1991,-1,0,0
Bulgaria,1991,BGR,7212.997980835546,.0540725626051426,-.990425980099359,8632367,,,,,,,28.92,.28920001,-3.2164853,2.760771512985229,1.0155102,.9,.9,.2,.62,-.47803581,.38440001,-2.9174285,-1.2406367,7545.5332,8.9287109,-.045071084,Bulgaria,-4.5071082,1991,0,0,0
Bulgaria,1992,BGR,6914.717253273855,.0471740402281284,-1.07385319076042,8540164,,,,,,,28.92,.28920001,-3.2375116,2.776101350784302,1.0210476,.9,.9,.3,.66,-.41551545,.43560001,-3.0539114,-1.2406367,7212.998,8.8836403,-.042232607,Bulgaria,-4.2232609,1991,1,0,0
Bulgaria,1993,BGR,7029.690142833942,.0509920008480549,-.797665851516421,8472313,,,,,,,28.92,.28920001,-3.1695302,2.791516542434692,1.026585,.9,.9,.3,.66,-.41551545,.43560001,-2.9760866,-1.2406367,6914.7173,8.8414078,.016490549,Bulgaria,1.6490549,1991,2,0,0
Bulgaria,1994,BGR,7335.184353331476,.0447784177958965,-.339586079485037,8443591,,,,,,,28.92,.28920001,-3.066066,2.80701732635498,1.0321225,.8,.8,.4,.64,-.4462871,.40959999,-3.106029,-1.2406367,7029.6899,8.8578978,.042539943,Bulgaria,4.2539945,1991,3,0,0
Bulgaria,1996,BGR,6846.470568897575,.0044877100735903,-.515729879636827,8362826,44.6,56.3,44.7,47.3,39.7,63.5,31.845,.31845,-3.1045945,2.838277339935303,1.0431973,,,,,,,,,7335.1846,8.9004383,-.068949297,Bulgaria,-6.8949299,1991,5,0,0
Bulgaria,1998,BGR,6177.642354589513,.1079753786325455,-.66730270106626,8256786,50.8,54.6,66.5,59.2,44.5,63.2,31.845,.31845,-3.1389799,2.869885921478271,1.0542723,,,,,,,,,6846.4707,8.8314886,-.10279659,Bulgaria,-10.279659,1991,7,0,0
Bulgaria,2000,BGR,6422.799332490275,.1303862184286118,-.493896416633318,8170172,51.1,58.5,61.9,60.3,48.3,62.2,33.69,.3369,-3.0997374,2.901846170425415,1.0653472,,,,,,,,,6177.6426,8.7286921,.038917318,Bulgaria,3.8917317,1991,9,0,0
Bulgaria,2002,BGR,7937.483143625081,.1507998257875443,-2.17069878030004,7837161,51.3,59.5,64,67.59999999999999,51.2,63.7,37.655,.37654999,-3.5651405,2.937177896499634,1.0774492,,,,,,,,,6422.7993,8.7676096,.21174219,Bulgaria,21.174219,1991,11,0,0
Bulgaria,2003,BGR,8417.417528686081,.1485113650560379,-.79211363763553,7775327,56.6,56.8,49.7,68.59999999999999,48.3,65.2,37.655,.37654999,-3.1682098,2.955004692077637,1.0835003,,,,,,,,,7937.4829,8.979351,.058706865,Bulgaria,5.8706865,1991,12,0,0
Bulgaria,2004,BGR,9201.625331693602,.1707276999950409,-.754796951273604,7716860,57.1,58.7,45.1,71.59999999999999,49.5,66.3,37.655,.37654999,-3.1593804,2.972939729690552,1.0895513,,,,,,,,,8417.418,9.0380583,.089077011,Bulgaria,8.9077015,1991,13,1,0
Bulgaria,2005,BGR,10291.33909905842,.2088000178337097,-.752977445493645,7658972,56.6,57.8,51.5,69.59999999999999,49.8,66.3,41.62,.41620001,-3.158952,2.990983724594116,1.0956024,,,,,,,,,9201.625,9.1271353,.11192258,Bulgaria,11.192258,1991,14,1,0
Bulgaria,2006,BGR,11407.98606267962,.2496486306190491,-.759505915531059,7601022,53.7,51.7,57.5,69.59999999999999,51.2,65.90000000000001,46.205,.46204999,-3.1604905,3.009137392044067,1.1016535,,,,,,,,,10291.339,9.2390575,.10301099,Bulgaria,10.301099,1991,15,1,0
Bulgaria,2007,BGR,12822.08140627416,.2617738842964172,-.735282283991309,7545338,51,51.9,56,70.90000000000001,52.6,68.3,46.205,.46204999,-3.1547942,3.027400732040405,1.1077044,,,,,,,,,11407.986,9.3420687,.11685513,Bulgaria,11.685513,1991,16,1,1
Bulgaria,2008,BGR,14346.51408446584,.3043684065341949,-.70192274454598,7492561,48.5,51,56.3,73.3,51.9,65.90000000000001,46.205,.46204999,-3.1470025,3.045775413513184,1.1137555,,,,,,,,,12822.081,9.4589243,.11233822,Bulgaria,11.233822,1991,17,1,1
Bulgaria,2009,BGR,14180.47842397574,.2582281231880188,-.644281362547054,7444443,50.7,57.9,55.9,73.2,54,64.90000000000001,46.205,.46204999,-3.1336806,3.064261198043823,1.1198065,,,,,,,,,14346.514,9.5712624,-.011640703,Bulgaria,-1.1640704,1991,18,1,1
Bulgaria,2010,BGR,14955.25983122768,.2140683084726334,-.658275446635908,7395599,51.9,54.5,57.8,73.7,51.7,64.5,50.79,.5079,-3.1368985,3.082859516143799,1.1258576,,,,,,,,,14180.479,9.5596218,.053196799,Bulgaria,5.3196797,1991,19,1,1
Bulgaria,2011,BGR,15746.5388955975,.1991726756095886,-.641228920515067,7348328,50.2,54,55.9,69.2,51.2,61.5,50.305,.50305003,-3.1329801,3.094154357910156,1.1295147,,,,,,,,,14955.26,9.6128187,.051557526,Bulgaria,5.1557527,1991,20,1,1
Bulgaria,2012,BGR,16326.43153174249,.2022543251514435,-.5792205963643891,7305888,48.8,55.5,58.8,69.2,51.6,61.5,50.305,.50305003,-3.1188543,3.105490684509277,1.1331717,,,,,,,,,15746.539,9.6643763,.036164761,Bulgaria,3.6164761,1991,21,1,1
Bulgaria,2013,BGR,16648.50692927213,.192163959145546,-.559647217410859,7265115,46,55,53.1,67.8,50.7,58.2,50.305,.50305003,-3.1144364,3.116868257522583,1.1368288,,,,,,,,,16326.432,9.7005405,.019535171,Bulgaria,1.9535171,1991,22,1,1
Bulgaria,2014,BGR,17615.10889435831,.2010679990053177,-.568389264052903,7223938,47.6,49,49.5,70.2,54.3,59.6,50.305,.50305003,-3.1164072,3.128287792205811,1.1404859,,,,,,,,,16648.508,9.7200756,.056436401,Bulgaria,5.64364,1991,23,1,1
Bulgaria,2015,BGR,18384.75357245802,.1905813366174698,-.638069468160719,7177991,45.2,52.4,46.7,70.5,51.4,61.1,49.82,.4982,-3.1322556,3.139748811721802,1.1441427,,,,,,,,,17615.109,9.7765121,.04276469,Bulgaria,4.2764688,1991,24,1,1
Czech Republic,1990,CZE,12716.13235435056,.2156669050455093,-.267830773210837,10333355,,,,,,,40.95,.4095,-3.0507865,3.114391803741455,1.1360339,0,0,.4,.16,-1.8325815,.025599999,-1.5340202,-.89281839,,,,Czech Republic,,1992,-2,0,0
Czech Republic,1991,CZE,11647.17076709102,.1820955127477646,-.240064841789636,10308578,,,,,,,48.66500000000001,.48664999,-3.0449362,3.165006637573242,1.1521552,.9,.8,.7,.79,-.23572233,.62410003,-1.7032239,-.72021013,12716.133,9.4506264,-.087808192,Czech Republic,-8.7808189,1992,-1,0,0
Czech Republic,1992,CZE,11840.14548430036,.1972133368253708,.102241165106867,10319123,,,,,,,48.66500000000001,.48664999,-2.9754903,3.216443538665771,1.1682763,.9,.9,.8,.86,-.15082289,.7396,-1.6234692,-.72021013,11647.171,9.3628187,.016432608,Czech Republic,1.6432607,1992,0,0,0
Czech Republic,1993,CZE,12115.69938900294,.2015770822763443,.103947042476644,10329855,,,,,,,48.66500000000001,.48664999,-2.9751561,3.268716812133789,1.1843975,.9,.9,.9,.9,-.10536052,.81,-1.6015835,-.72021013,11840.146,9.3792515,.023006164,Czech Republic,2.3006163,1992,1,0,0
Czech Republic,1994,CZE,12729.83193923493,.2216208279132843,.0361217655856125,10333587,,,,,,,48.66500000000001,.48664999,-2.988534,3.321839332580566,1.2005186,.9,.9,.9,.9,-.10536052,.81,-1.5067873,-.72021013,12115.699,9.402257,.049446143,Czech Republic,4.9446144,1992,2,0,0
Czech Republic,1996,CZE,14684.60392491356,.2696507275104523,-.11638129923463,10315241,74.7,72.09999999999999,87.8,82.09999999999999,79.90000000000001,78,62.785,.62785,-3.0192838,3.414501905441284,1.2280316,,,,,,,,,12729.832,9.4517031,.14285138,Czech Republic,14.285138,1992,4,0,0
Czech Republic,1998,CZE,14977.61712122141,.2558695077896118,-.0947447516571582,10294373,70.09999999999999,71.59999999999999,77.09999999999999,77.7,74.5,75.09999999999999,62.785,.62785,-3.014863,3.493188858032227,1.250815,,,,,,,,,14684.604,9.5945549,.01975733,Czech Republic,1.975733,1992,6,0,0
Czech Republic,2000,CZE,16237.54255445538,.2619278728961945,-.280414108078884,10255063,60.6,70.5,60.8,74.5,68.7,71.09999999999999,69.19,.69190001,-3.0534492,3.573689222335815,1.2735984,,,,,,,,,14977.617,9.6143122,.080769107,Czech Republic,8.076911,1992,8,1,0
Czech Republic,2002,CZE,18252.57276536851,.2569248974323273,-.192901617564167,10196916,67.7,81.09999999999999,83.09999999999999,83.2,78.09999999999999,76.59999999999999,70.715,.70714998,-3.0350766,3.590435266494751,1.2782735,,,,,,,,,16237.543,9.6950817,.11698002,Czech Republic,11.698002,1992,10,1,0
Czech Republic,2003,CZE,19539.15100797993,.2604020237922668,-.028620590719166,10193998,71.40000000000001,78.90000000000001,76.90000000000001,82.2,79.59999999999999,79.59999999999999,70.715,.70714998,-3.0014729,3.598837614059448,1.2806109,,,,,,,,,18252.572,9.8120613,.068114184,Czech Republic,6.8114185,1992,11,1,0
Czech Republic,2004,CZE,20932.67333874037,.2770174443721771,.0304348483027166,10197101,68.5,79.09999999999999,68.40000000000001,79.09999999999999,70.2,80.3,70.715,.70714998,-2.9896638,3.607259750366211,1.2829484,,,,,,,,,19539.15,9.8801756,.068891093,Czech Republic,6.8891091,1992,12,1,1
Czech Republic,2005,CZE,22095.38785398362,.2788543701171875,.138325980046718,10211216,68.8,77,77.7,80.40000000000001,78.5,76,72.23999999999999,.72240001,-2.9684429,3.61570143699646,1.2852858,,,,,,,,,20932.674,9.9490662,.054057613,Czech Republic,5.4057612,1992,13,1,1
Czech Republic,2006,CZE,23923.55451143151,.2978841066360474,.270795629232185,10238905,67.8,83.40000000000001,85.5,83.3,74.59999999999999,77.40000000000001,71.05500000000001,.71055001,-2.9429889,3.619832277297974,1.2864277,,,,,,,,,22095.389,10.003124,.079494588,Czech Republic,7.9494586,1992,14,1,1
Czech Republic,2007,CZE,26288.34526346276,.3167275786399841,.583542205385113,10298828,67,77.7,83.09999999999999,82,78.90000000000001,79.3,71.05500000000001,.71055001,-2.8853469,3.623967885971069,1.2875695,,,,,,,,,23923.555,10.082619,.094262168,Czech Republic,9.4262171,1992,15,1,1
Czech Republic,2008,CZE,27974.487131849,.3222915828227997,.829412602993033,10384603,66,79.09999999999999,85.59999999999999,86.40000000000001,78.40000000000001,81.7,71.05500000000001,.71055001,-2.8422539,3.628108501434326,1.2887114,,,,,,,,,26288.346,10.176881,.062167209,Czech Republic,6.2167211,1992,16,1,1
Czech Republic,2009,CZE,27760.69496397941,.2762870788574219,.569729451418061,10443936,68.90000000000001,76.09999999999999,79.09999999999999,87.09999999999999,80.59999999999999,81,71.05500000000001,.71055001,-2.8878238,3.632253408432007,1.2898532,,,,,,,,,27974.486,10.239048,-.0076717222,Czech Republic,-.76717222,1992,17,1,1
Czech Republic,2010,CZE,27877.14373576023,.2728493809700012,.29136167418042,10474410,69,77,82.90000000000001,86.09999999999999,79.59999999999999,78.7,69.87,.69870001,-2.9390945,3.636403322219849,1.2909951,,,,,,,,,27760.695,10.231377,.0041859495,Czech Republic,.41859496,1992,18,1,1
Czech Republic,2011,CZE,29001.36803654915,.2835807204246521,.206747667335417,10496088,68.7,77.3,88.59999999999999,85.3,81.2,79.8,68.56,.68559998,-2.9552147,3.640573740005493,1.2921413,,,,,,,,,27877.145,10.235562,.039535843,Czech Republic,3.9535842,1992,19,1,1
Czech Republic,2012,CZE,29254.73126851443,.2890956699848175,.139925655740972,10510785,66.40000000000001,76.3,86.7,80.59999999999999,81.2,77,68.56,.68559998,-2.9681315,3.644754409790039,1.2932889,,,,,,,,,29001.367,10.275098,.0086983405,Czech Republic,.86983407,1992,20,1,1
Czech Republic,2013,CZE,30818.10815584771,.2756895124912262,.0331699460503076,10514272,65.40000000000001,76.3,87.7,81,81.7,77.90000000000001,68.56,.68559998,-2.9891202,3.648944854736328,1.294438,,,,,,,,,29254.73,10.283796,.052061159,Czech Republic,5.2061157,1992,21,1,1
Czech Republic,2014,CZE,32502.47535401183,.2828023731708527,.105277581527518,10525347,67.3,81.3,83.3,80.8,84.59999999999999,78.8,68.56,.68559998,-2.9748955,3.653145790100098,1.2955886,,,,,,,,,30818.107,10.335857,.053213831,Czech Republic,5.321383,1992,22,1,1
Czech Republic,2015,CZE,33899.28656616565,.2995346188545227,.196588748472653,10546059,66.2,81,81.90000000000001,81.40000000000001,83.3,82.3,67.25,.67250001,-2.9571679,3.657356977462769,1.2967408,,,,,,,,,32502.475,10.389071,.042077743,Czech Republic,4.2077742,1992,23,1,1
Estonia,1990,EST,7475.93117166929,.2487633228302002,.0664901906843683,1569174,,,,,,,36.78,.3678,-2.9825218,2.798409938812256,1.0290514,.3,.1,.2,.2,-1.6094379,.039999999,-1.3912534,-1.000216,,,,Estonia,,1992,-2,0,0
Estonia,1991,EST,7146.260555931374,.1965795159339905,-.502159185195728,1561314,,,,,,,39.365,.39365,-3.1015728,2.843561410903931,1.0450573,.5,.3,.2,.32,-1.1394343,.1024,-1.6266882,-.93229312,7475.9312,8.9194441,-.04509946,Estonia,-4.5099459,1992,-1,0,0
Estonia,1992,EST,5867.943872021307,.1656937301158905,-1.82418155532121,1533091,,,,,,,39.365,.39365,-3.4496047,2.88944149017334,1.0610632,.9,.7,.4,.64,-.4462871,.40959999,-1.7976142,-.93229312,7146.2607,8.8743448,-.19708495,Estonia,-19.708494,1992,0,0,0
Estonia,1993,EST,5809.855358875137,.1551162451505661,-2.57431997803655,1494128,,,,,,,39.365,.39365,-3.7190583,2.936061382293701,1.077069,.9,1,.6,.8100000000000001,-.21072103,.65609998,-1.8635805,-.93229312,5867.9438,8.6772594,-.0099486159,Estonia,-.9948616,1992,1,0,0
Estonia,1994,EST,5962.614705976322,.1534535735845566,-2.13858863504971,1462514,,,,,,,39.365,.39365,-3.5538552,2.983433961868286,1.0930749,.9,1,.8,.89,-.11653382,.79210001,-1.8743572,-.93229312,5809.8555,8.6673107,.025953399,Estonia,2.59534,1992,2,0,0
Estonia,1996,EST,6889.298808866208,.1595692187547684,-1.47536463752721,1415594,69.90000000000001,71.59999999999999,72.90000000000001,85.90000000000001,66.3,74.5,44.34,.4434,-3.3453932,3.083890438079834,1.126192,,,,,,,,,5962.6147,8.693264,.14446022,Estonia,14.446022,1992,4,0,0
Estonia,1998,EST,8450.519375236849,.2203363031148911,-.960559004588775,1386156,73.3,69.90000000000001,68.59999999999999,87,66,78.09999999999999,44.34,.4434,-3.2090638,3.191254138946533,1.160414,,,,,,,,,6889.2988,8.8377247,.20425859,Estonia,20.425859,1992,6,0,0
Estonia,2000,EST,9422.497064919138,.2025949954986572,.483707161729931,1396985,77.7,76,77.8,89.09999999999999,68.2,77.09999999999999,46.73,.4673,-2.9033887,3.302355527877808,1.194636,,,,,,,,,8450.5195,9.0419836,.10887221,Estonia,10.887221,1992,8,0,0
Estonia,2002,EST,11663.27150466481,.2398862540721893,-.633433796423808,1379350,76.2,73.5,79.90000000000001,87,71.09999999999999,79.59999999999999,46.815,.46814999,-3.1311932,3.332185506820679,1.2036284,,,,,,,,,9422.4971,9.1508551,.21334457,Estonia,21.334457,1992,10,0,0
Estonia,2003,EST,13133.28365510894,.2849663197994232,-.627622448059203,1370720,81,80,77.40000000000001,84.90000000000001,71.09999999999999,82.59999999999999,46.815,.46814999,-3.1298633,3.347201347351074,1.2081245,,,,,,,,,11663.271,9.3641996,.11870503,Estonia,11.870502,1992,11,0,0
Estonia,2004,EST,14536.75967704749,.3058132529258728,-.597820510395586,1362550,82.8,80.09999999999999,71.40000000000001,86.59999999999999,76.90000000000001,83.7,46.815,.46814999,-3.1230705,3.362284898757935,1.2126207,,,,,,,,,13133.283,9.4829054,.10153088,Estonia,10.153088,1992,12,1,1
Estonia,2005,EST,16634.89273937449,.3083136081695557,-.572255524659659,1354775,81,78.40000000000001,65.5,85.8,80.40000000000001,80.8,46.9,.46900001,-3.1172798,3.377436399459839,1.217117,,,,,,,,,14536.76,9.5844355,.13482186,Estonia,13.482186,1992,13,1,1
Estonia,2006,EST,19345.20327420683,.3827315270900726,-.589655559840225,1346810,81.5,83.90000000000001,69.09999999999999,88.2,87.59999999999999,84.59999999999999,48.18,.48179999,-3.1212175,3.396261215209961,1.2226752,,,,,,,,,16634.893,9.7192574,.15094204,Estonia,15.094204,1992,14,1,1
Estonia,2007,EST,22200.23228153167,.3916398286819458,-.456188535090031,1340680,78.59999999999999,82,68.59999999999999,87.40000000000001,85.59999999999999,84.09999999999999,48.18,.48179999,-3.091404,3.415191173553467,1.2282335,,,,,,,,,19345.203,9.8702002,.13765827,Estonia,13.765827,1992,15,1,1
Estonia,2008,EST,22802.3421764634,.337243914604187,-.268133719541207,1337090,80.09999999999999,84.5,65.90000000000001,89.3,85.59999999999999,85.59999999999999,48.18,.48179999,-3.0508504,3.434226512908936,1.2337917,,,,,,,,,22200.232,10.007858,.0267605,Estonia,2.6760499,1992,16,1,1
Estonia,2009,EST,20477.25845161803,.2272837311029434,-.192768077420229,1334515,80.40000000000001,78.90000000000001,64.5,89.5,84.40000000000001,83.90000000000001,48.18,.48179999,-3.0350487,3.453367948532104,1.23935,,,,,,,,,22802.342,10.034618,-.10754831,Estonia,-10.754831,1992,17,1,1
Estonia,2010,EST,21615.7400462342,.2348646223545074,-.22805796852935,1331475,80.5,82.3,67.8,88.5,85.3,83.40000000000001,49.46,.4946,-3.0424168,3.472615957260132,1.2449082,,,,,,,,,20477.258,9.9270706,.054106861,Estonia,5.410686,1992,18,1,1
Estonia,2011,EST,24557.23614759471,.2822009027004242,-.303582823643979,1327439,80.59999999999999,81.5,67.3,91,85.90000000000001,87.3,48.615,.48615,-3.0583704,3.492361783981323,1.2505783,,,,,,,,,21615.74,9.9811773,.1275848,Estonia,12.75848,1992,19,1,1
Estonia,2012,EST,25996.04677795081,.3236958980560303,-.357944411443807,1322696,81.5,77.3,67.3,91,85.90000000000001,85.90000000000001,48.615,.48615,-3.0700128,3.512353420257568,1.2562863,,,,,,,,,24557.236,10.108762,.056937911,Estonia,5.6937909,1992,20,1,1
Estonia,2013,EST,27464.51867811614,.2949987351894379,-.355891802625531,1317997,82.90000000000001,77.7,68.2,91,86.40000000000001,85.90000000000001,48.615,.48615,-3.0695708,3.532593727111816,1.2620324,,,,,,,,,25996.047,10.1657,.054950457,Estonia,5.4950457,1992,21,1,1
Estonia,2014,EST,28945.46533032767,.2974452972412109,-.262256175097854,1314545,88,80.3,72.90000000000001,93.3,87,88.2,48.615,.48615,-3.0496092,3.55308723449707,1.2678169,,,,,,,,,27464.52,10.220651,.05251858,Estonia,5.2518582,1992,22,1,1
Estonia,2015,EST,29175.92592678935,.2634473145008087,.0655525295417938,1315407,88.59999999999999,81.90000000000001,65.2,93.3,87.09999999999999,87.2,47.77,.4777,-2.982707,3.573837518692017,1.2736399,,,,,,,,,28945.465,10.273169,.0079303775,Estonia,.79303777,1992,23,1,1
Hungary,1990,HUN,9133.141366553637,.1782306730747223,-1.03311729690015,10373988,,,,,,,23.16,.2316,-3.2271895,2.803590774536133,1.0309011,.8,.7,.3,.57,-.56211895,.3249,-1.7246766,-1.4627435,,,,Hungary,,2011,-21,0,0
Hungary,1991,HUN,8319.631207381273,.1567876935005188,-.0056681833892284,10373400,,,,,,,30.29,.30289999,-2.9968665,2.819054841995239,1.0364016,.9,.9,.5,.74,-.30110508,.54759997,-1.8528627,-1.1943526,9133.1416,9.1196651,-.093291804,Hungary,-9.3291807,2011,-20,0,0
Hungary,1992,HUN,8251.71946641356,.1249887347221375,-.0391365832684134,10369341,,,,,,,30.29,.30289999,-3.0035903,2.834604263305664,1.0419023,.9,.9,.6,.78,-.24846137,.60839999,-2.0795317,-1.1943526,8319.6309,9.0263729,-.0081962869,Hungary,-.81962872,2011,-19,0,0
Hungary,1993,HUN,8408.230158993298,.1575339734554291,-.114035594392761,10357523,,,,,,,30.29,.30289999,-3.0188036,2.850239515304565,1.047403,.9,.9,.7,.82,-.19845094,.6724,-1.8481141,-1.1943526,8251.7197,9.018177,.018789377,Hungary,1.8789377,2011,-18,0,0
Hungary,1994,HUN,8852.986888228226,.1746924817562103,-.13688310430324,10343355,,,,,,,30.29,.30289999,-3.0234907,2.865960836410522,1.0529037,.9,.9,.8,.86,-.15082289,.7396,-1.7447281,-1.1943526,8408.2305,9.0369663,.051543858,Hungary,5.1543856,2011,-17,0,0
Hungary,1996,HUN,9349.013764572594,.1730822920799255,-.171771608629025,10311238,74.2,78.7,79.3,75.5,79.40000000000001,77,44.445,.44444999,-3.0306907,2.897664308547974,1.063905,,,,,,,,,8852.9873,9.0885105,.054515906,Hungary,5.4515905,2011,-15,0,0
Hungary,1998,HUN,10398.02925252609,.2075875699520111,-.232679336866497,10266570,75.40000000000001,82,91.5,78.8,73.5,80.09999999999999,44.445,.44444999,-3.0433857,2.929718494415283,1.0749063,,,,,,,,,9349.0137,9.1430264,.10634544,Hungary,10.634544,2011,-13,0,0
Hungary,2000,HUN,11854.68341626704,.2067659050226212,-.259764908288633,10210971,75.5,82,78.8,82.09999999999999,73.09999999999999,85.09999999999999,51.47,.5147,-3.0490835,2.962127208709717,1.0859077,,,,,,,,,10398.029,9.2493715,.13110672,Hungary,13.110672,2011,-11,1,0
Hungary,2002,HUN,14526.38826291253,.2073765248060226,-.28475137719698,10158608,73,81.59999999999999,91,86.5,79.09999999999999,86.09999999999999,53,.52999997,-3.0543685,3.022151470184326,1.105969,,,,,,,,,11854.684,9.3804779,.20324385,Hungary,20.324385,2011,-9,1,0
Hungary,2003,HUN,15479.10107811968,.2107306867837906,-.286433268128688,10129552,74.09999999999999,76.8,86.40000000000001,81.09999999999999,73.09999999999999,87.09999999999999,53,.52999997,-3.0547254,3.052618265151978,1.1159997,,,,,,,,,14526.389,9.5837221,.063523896,Hungary,6.3523898,2011,-8,1,0
Hungary,2004,HUN,16269.30876405104,.2524445652961731,-.221439378654807,10107146,73.90000000000001,77.09999999999999,75.2,83.59999999999999,75,85.59999999999999,53,.52999997,-3.0410309,3.083392143249512,1.1260303,,,,,,,,,15479.102,9.6472464,.049789608,Hungary,4.978961,2011,-7,1,1
Hungary,2005,HUN,17108.34058200248,.2387114316225052,-.198878843237103,10087065,72.2,73.5,80.09999999999999,78.90000000000001,75.09999999999999,86.5,54.53,.54530001,-3.0363207,3.114476203918457,1.136061,,,,,,,,,16269.309,9.6970358,.050285675,Hungary,5.0285673,2011,-6,1,1
Hungary,2006,HUN,18383.63222033381,.2458437085151672,-.155716484651578,10071370,73.2,77.59999999999999,80.7,85.3,79.90000000000001,78.8,56.125,.56124997,-3.0273709,3.145873785018921,1.1460917,,,,,,,,,17108.34,9.7473211,.071894661,Hungary,7.189466,2011,-5,1,1
Hungary,2007,HUN,19098.62630698752,.2432181090116501,-.154915158060948,10055780,73.3,73.8,72,85.90000000000001,80.40000000000001,80.8,56.125,.56124997,-3.0272055,3.177587985992432,1.1561224,,,,,,,,,18383.633,9.8192158,.038155664,Hungary,3.8155663,2011,-4,1,1
Hungary,2008,HUN,20721.50241061436,.2582997679710388,-.17509736747488,10038188,69.90000000000001,73.3,71.59999999999999,85.40000000000001,80.3,76.40000000000001,56.125,.56124997,-3.0313797,3.209621667861938,1.1661531,,,,,,,,,19098.627,9.8573713,.081555478,Hungary,8.1555481,2011,-3,1,1
Hungary,2009,HUN,20722.06533653003,.2159659415483475,-.154908813950621,10022650,69.40000000000001,72.2,64,81.3,71.59999999999999,74.90000000000001,56.125,.56124997,-3.027204,3.241978406906128,1.1761838,,,,,,,,,20721.502,9.9389277,.000027187978,Hungary,.0027187979,2011,-2,1,1
Hungary,2010,HUN,21738.89659430795,.210446298122406,-.226013875689698,10000023,65.7,71.8,69.2,80.40000000000001,72,73.5,57.82,.57819998,-3.0419886,3.274661064147949,1.1862143,,,,,,,,,20722.064,9.9389544,.047904078,Hungary,4.7904077,2011,-1,1,1
Hungary,2011,HUN,23029.44717820912,.2125968188047409,-.283360435946948,9971727,67.8,70.59999999999999,70.09999999999999,80.09999999999999,71.8,73.2,56.435,.56435001,-3.0540736,3.290193796157837,1.1909465,,,,,,,,,21738.896,9.9868584,.05767059,Hungary,5.7670588,2011,0,1,1
Hungary,2012,HUN,23267.44839290897,.2188374400138855,-.5164376065480411,9920362,65.40000000000001,69.7,68.7,78.7,68.09999999999999,70.90000000000001,56.435,.56435001,-3.1047523,3.305800437927246,1.1956786,,,,,,,,,23029.447,10.044529,.010281607,Hungary,1.0281607,2011,1,1,1
Hungary,2013,HUN,24547.9805346257,.2323297709226608,-.27536875707442,9893082,64.90000000000001,71.59999999999999,70.59999999999999,77.7,67.59999999999999,70.40000000000001,56.435,.56435001,-3.0523806,3.321480989456177,1.2004107,,,,,,,,,23267.449,10.054811,.053574238,Hungary,5.3574238,2011,2,1,1
Hungary,2014,HUN,25691.52725563506,.2570930123329163,-.269378767165116,9866468,61.1,72.09999999999999,68.59999999999999,75,70.7,66.5,56.435,.56435001,-3.0511136,3.337235927581787,1.2051429,,,,,,,,,24547.98,10.108385,.045531671,Hungary,4.5531673,2011,3,1,1
Hungary,2015,HUN,26798.85416762687,.2589393258094788,-.237855001984657,9843028,60,71.40000000000001,69.5,74.3,65.2,66.5,55.05,.55049998,-3.044472,3.353065490722656,1.209875,,,,,,,,,25691.527,10.153916,.042197868,Hungary,4.2197866,2011,4,1,1
Kazakhstan,1990,KAZ,8262.431810331167,.4289765954017639,.6043426630436201,16348000,,,,,,,52.16,.52160001,-2.8816285,2.569330453872681,.94364536,0,0,.1,.04,-3.2188759,.0016,-.84635293,-.65085423,,,,Kazakhstan,,1995,-5,0,0
Kazakhstan,1991,KAZ,7554.32368210644,.2469529211521149,.632391825851526,16451711,,,,,,,57.34999999999999,.57349998,-2.876636,2.61215615272522,.96017599,.1,.1,.2,.14,-1.9661129,.0196,-1.3985575,-.55599737,8262.4316,9.019474,-.089598857,Kazakhstan,-8.9598856,1995,-4,0,0
Kazakhstan,1992,KAZ,7322.58783168542,.2354480028152466,-.0767144509545815,16439095,,,,,,,57.34999999999999,.57349998,-3.011194,2.655695915222168,.97670674,.5,.4,.2,.35,-1.0498221,.1225,-1.4462652,-.55599737,7554.3237,8.9298754,-.031156285,Kazakhstan,-3.1156285,1995,-3,0,0
Kazakhstan,1993,KAZ,6830.78648395325,.1240241825580597,-.356023622657981,16380672,,,,,,,57.34999999999999,.57349998,-3.0695992,2.699960947036743,.99323732,.5,.4,.2,.35,-1.0498221,.1225,-2.0872786,-.55599737,7322.5879,8.8987188,-.069523983,Kazakhstan,-6.9523983,1995,-2,0,0
Kazakhstan,1994,KAZ,6186.295204169453,.2013222426176071,-1.44442551102409,16145766,,,,,,,57.34999999999999,.57349998,-3.3366535,2.744964122772217,1.009768,.5,.4,.3,.39,-.94160855,.1521,-1.6028484,-.55599737,6830.7866,8.829195,-.099103443,Kazakhstan,-9.9103441,1995,-1,0,0
Kazakhstan,1996,KAZ,6149.937040831764,.0928671509027481,-1.51632157147922,15578227,12.4,16.9,33.5,38.6,14.1,18.5,67.29000000000001,.67290002,-3.3570814,2.837068796157837,1.0427715,,,,,,,,,6186.2954,8.730092,-.0058945832,Kazakhstan,-.58945835,1995,1,0,0
Kazakhstan,1998,KAZ,6523.747605859861,.1140720024704933,-1.72841644846206,15071640,13.9,20.8,52.7,32.6,16,27.9,67.29000000000001,.67290002,-3.4198961,2.932094097137451,1.0757169,,,,,,,,,6149.937,8.7241974,.059007157,Kazakhstan,5.9007158,1995,3,0,0
Kazakhstan,2000,KAZ,7725.954827299053,.1372738480567932,-.300201486690526,14883626,9.6,24.6,49.2,26.6,13.9,20.4,72.04000000000001,.72039998,-3.0576506,3.030302286148071,1.1086624,,,,,,,,,6523.7476,8.7832041,.16913643,Kazakhstan,16.913643,1995,5,0,0
Kazakhstan,2002,KAZ,10014.7141390539,.1974197924137115,.0041255453945046,14858948,9,11.4,58.7,25.9,11.4,17.9,71.94499999999999,.71945,-2.9949076,3.136034250259399,1.142959,,,,,,,,,7725.9546,8.9523411,.25947005,Kazakhstan,25.947004,1995,7,0,0
Kazakhstan,2003,KAZ,11124.70515139099,.1912141293287277,.336408913793247,14909019,11.6,26.5,58.8,40.5,15.4,17.9,71.94499999999999,.71945,-2.9306173,3.1902756690979,1.1601074,,,,,,,,,10014.714,9.2118111,.10511293,Kazakhstan,10.511292,1995,8,0,0
Kazakhstan,2004,KAZ,12433.84373698175,.1975995600223541,.694909484311257,15012984,12.3,25.4,48.1,34.3,14.4,18.3,71.94499999999999,.71945,-2.8655975,3.245455503463745,1.1772557,,,,,,,,,11124.705,9.3169231,.11125377,Kazakhstan,11.125377,1995,9,0,0
Kazakhstan,2005,KAZ,13943.10778071794,.2328236699104309,.888898042702025,15147029,16.6,32.4,52.9,46.6,20.1,18.3,71.84999999999999,.71850002,-2.8321013,3.301589488983154,1.194404,,,,,,,,,12433.844,9.4281778,.11456323,Kazakhstan,11.456324,1995,10,0,0
Kazakhstan,2006,KAZ,15743.61176785783,.2499882429838181,1.05767130866502,15308085,18,38,52.2,42.6,12.4,15.9,68.08499999999999,.68085003,-2.8038447,3.287169694900513,1.1900269,,,,,,,,,13943.107,9.5427408,.12144939,Kazakhstan,12.144938,1995,11,0,0
Kazakhstan,2007,KAZ,17409.01351581073,.2615509927272797,1.14385123349431,15484192,18,28.2,69.09999999999999,40.8,14.8,15.4,68.08499999999999,.68085003,-2.7897184,3.272813081741333,1.1856499,,,,,,,,,15743.611,9.6641903,.10055344,Kazakhstan,10.055344,1995,12,0,0
Kazakhstan,2008,KAZ,17989.88213218385,.1990346312522888,1.87296209612182,15776938,16,36.4,68.3,46.1,19.7,16.8,68.08499999999999,.68085003,-2.6775751,3.258518934249878,1.1812727,,,,,,,,,17409.014,9.7647438,.032821398,Kazakhstan,3.2821398,1995,13,0,0
Kazakhstan,2009,KAZ,17958.48760872248,.2091542184352875,1.98240805691531,16092822,19.1,40.2,72.5,45,28.4,15.6,68.08499999999999,.68085003,-2.6617763,3.244287490844727,1.1768957,,,,,,,,,17989.883,9.7975645,-.0017466835,Kazakhstan,-.17466836,1995,14,0,0
Kazakhstan,2010,KAZ,19229.93564480348,.1801153123378754,1.41327147745347,16321872,16.7,37.8,64,42.6,29.4,14.2,64.31999999999999,.64319998,-2.7468007,3.230117797851563,1.1725186,,,,,,,,,17958.488,9.7958183,.068405323,Kazakhstan,6.8405323,1995,15,0,0
Kazakhstan,2011,KAZ,20779.44425144915,.1525959074497223,1.43151244887822,16557202,17.5,38.9,36,45,31,15,65.41,.6541,-2.7439604,3.216243505477905,1.1682141,,,,,,,,,19229.936,9.8642235,.077496029,Kazakhstan,7.7496028,1995,16,0,0
Kazakhstan,2012,KAZ,22021.28148809739,.1666877716779709,1.40867688701824,16792090,19,37.4,34.1,38.4,26.8,15,65.41,.6541,-2.7475173,3.202505111694336,1.1639334,,,,,,,,,20779.443,9.9417191,.058045126,Kazakhstan,5.8045125,1995,17,0,0
Kazakhstan,2013,KAZ,24480.5409878731,.1609655320644379,1.43944535624798,17035551,19,32.7,34.6,38.9,29.6,14.1,65.41,.6541,-2.7427278,3.18890118598938,1.1596764,,,,,,,,,22021.281,9.9997644,.10586924,Kazakhstan,10.586925,1995,18,0,0
Kazakhstan,2014,KAZ,24689.81551921841,.1713607609272003,1.47267087305755,17288285,23.6,50,47.6,46.6,32.2,14.3,65.41,.6541,-2.7375813,3.175429821014404,1.155443,,,,,,,,,24480.541,10.105634,.0085122734,Kazakhstan,.85122734,1995,19,0,0
Kazakhstan,2015,KAZ,23178.22240170782,.1871088594198227,1.46148468519161,17542806,21,48.1,43.8,49.5,36.2,16.3,66.5,.66500002,-2.739311,3.162089586257935,1.1512331,,,,,,,,,24689.816,10.114146,-.06317772,Kazakhstan,-6.3177719,1995,20,0,0
Kyrgyzstan,1990,KGZ,2543.762164408468,.078843429684639,1.92448488335946,4391200,,,,,,,49.38,.49380001,-2.6701064,2.659528017044067,.9781487,0,0,.1,.04,-3.2188759,.0016,-2.5402913,-.7056247,,,,Kyrgyzstan,,2010,-20,0,0
Kyrgyzstan,1991,KGZ,2381.612176967985,.0720277428627014,1.63530770758668,4463600,,,,,,,51.90000000000001,.51899999,-2.7127652,2.67892599105835,.98541594,0,0,.1,.04,-3.2188759,.0016,-2.6307039,-.65585142,2543.7622,7.8413997,-.065866522,Kyrgyzstan,-6.5866523,2010,-19,0,0
Kyrgyzstan,1992,KGZ,2074.734486957653,.095423087477684,1.1538161192326,4515400,,,,,,,51.90000000000001,.51899999,-2.7880979,2.698465585708618,.99268329,.3,.4,.3,.33,-1.1086626,.1089,-2.3494346,-.65585142,2381.6121,7.7755327,-.1379444,Kyrgyzstan,-13.79444,2010,-18,0,0
Kyrgyzstan,1993,KGZ,1795.053037190648,.0554241724312305,.028786218243318,4516700,,,,,,,51.90000000000001,.51899999,-2.9899914,2.718147754669189,.99995065,.6,.6,.6,.6,-.51082563,.36000001,-2.8927395,-.65585142,2074.7344,7.6375885,-.14479856,Kyrgyzstan,-14.479856,2010,-17,0,0
Kyrgyzstan,1994,KGZ,1465.662696746151,.0456490330398083,-.0354303686250107,4515100,,,,,,,51.90000000000001,.51899999,-3.0028436,2.737973213195801,1.0072179,.8,.8,.7,.76,-.27443683,.5776,-3.0867729,-.65585142,1795.053,7.4927897,-.20272705,Kyrgyzstan,-20.272705,2010,-16,0,0
Kyrgyzstan,1996,KGZ,1505.461197403699,.1123637482523918,1.48008970426178,4628400,17.2,41.5,41.5,41.8,27.6,24,55.91,.55909997,-2.7364359,2.781903505325317,1.0231354,,,,,,,,,1465.6627,7.2900629,.026791787,Kyrgyzstan,2.6791787,2010,-14,0,0
Kyrgyzstan,1998,KGZ,1687.052943071117,.0921992138028145,1.53403815421676,4769000,16,44.3,37.2,43.5,25,25.4,55.91,.55909997,-2.7281451,2.830449104309082,1.0404354,,,,,,,,,1505.4612,7.3168545,.11388391,Kyrgyzstan,11.388391,2010,-12,0,0
Kyrgyzstan,2000,KGZ,1861.851153445895,.1325720399618149,1.19112592398474,4898400,16,39.9,39.7,41.3,23.9,15.4,57.4,.574,-2.7820532,2.879842281341553,1.0577356,,,,,,,,,1687.053,7.4307384,.098588027,Kyrgyzstan,9.8588028,2010,-10,0,0
Kyrgyzstan,2002,KGZ,1998.239482184931,.1109988987445831,.917899316903102,4990700,10.1,35.7,27,49.7,23.4,19.4,60.055,.60055,-2.8271887,2.918858766555786,1.0711927,,,,,,,,,1861.8512,7.5293264,.070695274,Kyrgyzstan,7.0695271,2010,-8,0,0
Kyrgyzstan,2003,KGZ,2158.200097494378,.0714979693293571,1.0484449238834,5043300,11.1,36.2,18.1,40,26.9,20.9,60.055,.60055,-2.8053689,2.938565254211426,1.0779215,,,,,,,,,1998.2395,7.6000218,.077008039,Kyrgyzstan,7.7008038,2010,-7,0,0
Kyrgyzstan,2004,KGZ,2343.436408129724,.0796561986207962,1.21010542490902,5104700,12.8,31.8,15,39.3,23.1,19.2,60.055,.60055,-2.7789924,2.958404302597046,1.08465,,,,,,,,,2158.2002,7.6770301,.082343772,Kyrgyzstan,8.2343769,2010,-6,0,0
Kyrgyzstan,2005,KGZ,2385.61294881726,.085304282605648,1.12786445855189,5162600,8.800000000000001,21.6,14.6,16.7,13.9,23.1,62.71,.62709999,-2.7923238,2.9783775806427,1.0913787,,,,,,,,,2343.4365,7.7593737,.017837642,Kyrgyzstan,1.7837641,2010,-5,0,0
Kyrgyzstan,2006,KGZ,2508.375469968591,.112271286547184,1.07505129401544,5218400,6.8,24.9,11.6,26,7.7,26,65.125,.65125,-2.8009799,3.013251066207886,1.1030196,,,,,,,,,2385.613,7.7772112,.050179191,Kyrgyzstan,5.0179191,2010,-4,0,0
Kyrgyzstan,2007,KGZ,2769.887198131031,.1121666952967644,.953586964300523,5268400,4.9,23.3,17.4,36.9,7.7,20.7,65.125,.65125,-2.8211763,3.048532724380493,1.1146604,,,,,,,,,2508.3755,7.8273907,.099171266,Kyrgyzstan,9.9171267,2010,-3,0,0
Kyrgyzstan,2008,KGZ,3031.510599554106,.1113018468022346,.950220144755314,5318700,5.8,22.3,26.4,42.7,6.7,17.3,65.125,.65125,-2.8217421,3.084227561950684,1.1263013,,,,,,,,,2769.8872,7.9265618,.090254441,Kyrgyzstan,9.025444,2010,-2,0,0
Kyrgyzstan,2009,KGZ,3100.587181459833,.1044135093688965,1.20726564406139,5383300,4.3,16.7,25.1,40.7,6.2,18.5,65.125,.65125,-2.7794497,3.120340347290039,1.1379421,,,,,,,,,3031.5105,8.0168161,.022530498,Kyrgyzstan,2.2530499,2010,-1,0,0
Kyrgyzstan,2010,KGZ,3086.431769398927,.0985800921916962,1.19286442880631,5447900,10.5,30.1,15.2,43.5,8.5,21.3,67.54000000000001,.67540002,-2.7817724,3.156876087188721,1.149583,,,,,,,,,3100.5872,8.0393467,-.004575843,Kyrgyzstan,-.45758429,2010,0,0,0
Kyrgyzstan,2011,KGZ,3297.366837336523,.0848595425486565,1.21689072909974,5514600,6.6,30.3,15.2,45.5,10.8,28.6,67.5,.67500001,-2.7779002,3.195667028427124,1.1617959,,,,,,,,,3086.4319,8.034771,.066108525,Kyrgyzstan,6.6108522,2010,1,0,0
Kyrgyzstan,2012,KGZ,3617.401103582078,.1159604787826538,1.66523655939962,5607200,11.4,30.3,19,40.8,11.7,28.6,67.5,.67500001,-2.7082648,3.235574960708618,1.1742066,,,,,,,,,3297.3669,8.1008797,.092631586,Kyrgyzstan,9.2631588,2010,2,0,0
Kyrgyzstan,2013,KGZ,4041.220216587507,.1145433858036995,1.98473866725772,5719600,11.4,31.3,18.5,42.2,13.1,30,67.5,.67500001,-2.6614425,3.276640176773071,1.1868186,,,,,,,,,3617.4011,8.193511,.11079083,Kyrgyzstan,11.079083,2010,3,0,0
Kyrgyzstan,2014,KGZ,4279.166799793081,.1088562086224556,2.0061078993716,5835500,12.5,17.8,19.5,34.6,16.8,32.5,67.5,.67500001,-2.6583879,3.318904638290405,1.1996348,,,,,,,,,4041.2202,8.3043022,.057211637,Kyrgyzstan,5.7211637,2010,4,0,0
Kyrgyzstan,2015,KGZ,4211.342272615937,.1372752636671066,2.05902596620676,5956900,11,16.7,18.1,33.3,13.3,33.5,67.45999999999999,.67460001,-2.6508632,3.362412929534912,1.2126589,,,,,,,,,4279.167,8.3615141,-.015976936,Kyrgyzstan,-1.5976936,2010,5,0,0
Latvia,1990,LVA,7688.218263657644,.2258164137601852,-.142736397581795,2663151,,,,,,,42.18,.42179999,-3.0246949,2.448811531066895,.89560282,.3,0,.1,.13,-2.0402207,.016899999,-1.4880329,-.86322403,,,,Latvia,,1993,-3,0,0
Latvia,1991,LVA,6980.068887490118,.2152538895606995,-.473114694040671,2650581,,,,,,,47.48999999999999,.47490001,-3.0951362,2.515697002410889,.9225499,.5,.2,.2,.29,-1.2378744,.084100001,-1.5359371,-.74465102,7688.2183,8.947444,-.096630275,Latvia,-9.6630278,1993,-2,0,0
Latvia,1992,LVA,4913.32931928884,.2204338014125824,-1.37679506583504,2614338,,,,,,,47.48999999999999,.47490001,-3.3178113,2.576402187347412,.94639391,.8,.5,.3,.51,-.67334455,.26010001,-1.5121578,-.74465102,6980.0688,8.8508139,-.351107,Latvia,-35.110699,1993,-1,0,0
Latvia,1993,LVA,4874.334634469729,.0878657922148705,-1.97193209570356,2563290,,,,,,,47.48999999999999,.47490001,-3.4972453,2.623571395874023,.96453649,.9,.8,.4,.67,-.40047756,.44890001,-2.4319446,-.74465102,4913.3291,8.4997072,-.0079681268,Latvia,-.79681265,1993,0,0,0
Latvia,1994,LVA,5173.306179136562,.1001240760087967,-1.67382870075107,2520742,,,,,,,47.48999999999999,.47490001,-3.4033482,2.671604156494141,.98267913,.9,1,.6,.8100000000000001,-.21072103,.65609998,-2.3013451,-.74465102,4874.3345,8.4917393,.059528399,Latvia,5.9528399,1993,1,0,0
Latvia,1996,LVA,5806.898148055489,.1163317263126373,-1.12637509582344,2457222,50,67.8,65.40000000000001,77.2,56.8,70,56.98,.56980002,-3.2509794,2.742058992385864,1.0087091,,,,,,,,,5173.3062,8.5512676,.11553457,Latvia,11.553457,1993,3,0,0
Latvia,1998,LVA,7068.155035508752,.1646493971347809,-.942918937122207,2410019,60.4,59.6,46.8,75.5,59,71.59999999999999,56.98,.56980002,-3.2047064,2.785657405853271,1.0244839,,,,,,,,,5806.8979,8.6668015,.19655298,Latvia,19.655298,1993,5,0,0
Latvia,2000,LVA,8040.509048465324,.173052117228508,-.963935407092365,2367550,56.9,60.7,63.5,71.2,56.2,70.09999999999999,61.16,.61159998,-3.2099001,2.829948902130127,1.0402586,,,,,,,,,7068.1553,8.8633547,.12889287,Latvia,12.889287,1993,7,0,0
Latvia,2002,LVA,10081.19186362808,.2048148363828659,-1.1618382239436,2310173,57.1,67,82,74.09999999999999,60.7,72.59999999999999,59.165,.59165001,-3.2601767,2.882814407348633,1.0587671,,,,,,,,,8040.5093,8.9922476,.22617908,Latvia,22.617908,1993,9,0,0
Latvia,2003,LVA,11061.6153754177,.2378537356853485,-.966400801237561,2287955,63,71.40000000000001,81.90000000000001,77.3,67.7,71.59999999999999,59.165,.59165001,-3.2105112,2.909616708755493,1.0680214,,,,,,,,,10081.191,9.2184267,.092809588,Latvia,9.2809591,1993,10,0,0
Latvia,2004,LVA,12279.0153168697,.2813072800636292,-1.09131295557421,2263122,59.6,71.59999999999999,66,78.59999999999999,66.8,71.2,59.165,.59165001,-3.2419686,2.936667680740356,1.0772755,,,,,,,,,11061.615,9.3112364,.10441071,Latvia,10.441071,1993,11,1,1
Latvia,2005,LVA,13913.85174785676,.3046664297580719,-1.08057145691172,2238799,65.90000000000001,69.09999999999999,71.40000000000001,75.5,67,72.09999999999999,57.17,.57169998,-3.2392244,2.963970422744751,1.0865297,,,,,,,,,12279.016,9.4156475,.12499312,Latvia,12.499311,1993,12,1,1
Latvia,2006,LVA,15859.31538820245,.354034423828125,-.9172729574881699,2218357,68.3,72.2,72.90000000000001,77.5,67,74,56.47,.56470001,-3.198405,2.976945638656616,1.0908978,,,,,,,,,13913.852,9.5406399,.13087219,Latvia,13.087219,1993,13,1,1
Latvia,2007,LVA,18240.67123570591,.3740726709365845,-.816175506582982,2200325,68.40000000000001,67.5,64.3,79.09999999999999,71.3,72.09999999999999,56.47,.56470001,-3.1739445,2.989977836608887,1.095266,,,,,,,,,15859.315,9.6715126,.13989674,Latvia,13.989674,1993,14,1,1
Latvia,2008,LVA,19573.25741074032,.3511906266212463,-1.0509395443743,2177322,63.1,69.40000000000001,51.4,78.59999999999999,73.09999999999999,71.2,56.47,.56470001,-3.2316926,3.003067016601563,1.0996341,,,,,,,,,18240.672,9.811409,.070510395,Latvia,7.0510397,1993,15,1,1
Latvia,2009,LVA,17023.2975926097,.2277835756540298,-1.65102496759116,2141669,64.59999999999999,70.8,55,77.5,72.5,72,56.47,.56470001,-3.3965158,3.016213417053223,1.1040022,,,,,,,,,19573.258,9.8819199,-.13958138,Latvia,-13.958138,1993,16,1,1
Latvia,2010,LVA,17703.9136026456,.2030483186244965,-2.08130508988111,2097555,63.3,72.7,64.5,78.90000000000001,71.09999999999999,72,55.77,.55769998,-3.5340335,3.029417514801025,1.1083703,,,,,,,,,17023.297,9.7423382,.039202914,Latvia,3.9202914,1993,17,1,1
Latvia,2011,LVA,19248.4580124625,.2695379257202148,-1.82076700208005,2059709,65.40000000000001,72,57.8,78.2,70.90000000000001,70,55.31,.55309999,-3.4485302,3.042929410934448,1.1128206,,,,,,,,,17703.914,9.7815409,.083645202,Latvia,8.3645201,1993,18,1,1
Latvia,2012,LVA,21290.50164711664,.2665001153945923,-1.24035915329271,2034319,64.5,74.90000000000001,61.1,79.59999999999999,71.8,71.8,55.31,.55309999,-3.2808468,3.056586265563965,1.1172987,,,,,,,,,19248.459,9.8651867,.10083003,Latvia,10.083003,1993,19,1,1
Latvia,2013,LVA,22639.15902644466,.2496062368154526,-1.07103480329077,2012647,66.8,75.8,65.40000000000001,80.09999999999999,72.3,71.40000000000001,55.31,.55309999,-3.236794,3.070390701293945,1.1218048,,,,,,,,,21290.502,9.9660168,.061420053,Latvia,6.1420054,1993,20,1,1
Latvia,2014,LVA,23815.60860235223,.2438825815916061,-.941743354234222,1993782,66.8,77.90000000000001,61.9,85.09999999999999,77.90000000000001,72.40000000000001,55.31,.55309999,-3.2044168,3.084343910217285,1.126339,,,,,,,,,22639.158,10.027436,.050660118,Latvia,5.0660119,1993,21,1,1
Latvia,2015,LVA,24972.83627668807,.2396922707557678,-.818626340945853,1977527,65.2,82.40000000000001,60.5,81,75.2,73.40000000000001,54.85,.5485,-3.1745303,3.098448753356934,1.1309016,,,,,,,,,23815.609,10.078096,.047447462,Latvia,4.7447462,1993,22,1,1
Lithuania,1990,LTU,8885.839264199511,.1629930436611176,.367999030323355,3697838,,,,,,,53.19,.53189999,-2.924715,2.603236675262451,.95675552,.3,0,.1,.13,-2.0402207,.016899999,-1.8140478,-.63129979,,,,Lithuania,,1992,-2,0,0
Lithuania,1991,LTU,8650.227773123936,.140029102563858,.170116869352429,3704134,,,,,,,54.61,.54610002,-2.9622748,2.631000757217407,.96736431,.5,.2,.3,.33,-1.1086626,.1089,-1.965905,-.60495311,8885.8389,9.0922146,-.026873218,Lithuania,-2.6873219,1992,-1,0,0
Lithuania,1992,LTU,6974.06628316326,.0816407948732376,-.108586324904251,3700114,,,,,,,54.61,.54610002,-3.0176888,2.659060716629028,.97797292,.8,.5,.4,.55,-.59783697,.30250001,-2.5054262,-.60495311,8650.2275,9.065341,-.21538718,Lithuania,-21.538717,1992,0,0,0
Lithuania,1993,LTU,6009.300982579919,.0917168334126472,-.474107542700159,3682613,,,,,,,54.61,.54610002,-3.0953555,2.687420129776001,.98858166,.9,.9,.6,.78,-.24846137,.60839999,-2.3890493,-.60495311,6974.0664,8.8499537,-.14889003,Lithuania,-14.889004,1992,1,0,0
Lithuania,1994,LTU,5576.778222549196,.0833711847662926,-.694003962919015,3657144,,,,,,,54.61,.54610002,-3.1451616,2.716081857681274,.99919033,.9,.1,.8,.89,-.11653382,.79210001,-2.4844525,-.60495311,6009.3008,8.7010641,-.074697167,Lithuania,-7.4697165,1992,2,0,0
Lithuania,1996,LTU,6383.334552824926,.1141412928700447,-.760343408174495,3601613,68.3,68.3,62.8,82.59999999999999,63.3,75.5,57.205,.57204998,-3.1606879,2.77628231048584,1.0211127,,,,,,,,,5576.7783,8.6263666,.13507937,Lithuania,13.507936,1992,4,0,0
Lithuania,1998,LTU,7762.505058303337,.1711414158344269,-.724436206600195,3549331,63.6,62.8,62.8,77.2,65.5,74.09999999999999,57.205,.57204998,-3.1522541,2.839818000793457,1.0437399,,,,,,,,,6383.3345,8.761446,.19561449,Lithuania,19.561449,1992,6,0,0
Lithuania,2000,LTU,8446.927677608744,.1237491145730019,-.703385440488978,3499536,67,59.6,64,73.40000000000001,58.7,73.59999999999999,58.38,.58380002,-3.1473427,2.904807806015015,1.0663673,,,,,,,,,7762.5049,8.9570608,.084497713,Lithuania,8.4497709,1992,8,0,0
Lithuania,2002,LTU,10480.69609704905,.1484801024198532,-.802765710748508,3443067,61.9,67.59999999999999,77.2,81.59999999999999,63.2,73.09999999999999,56.54000000000001,.5654,-3.1707444,2.971450328826904,1.0890502,,,,,,,,,8446.9277,9.0415583,.21573231,Lithuania,21.573231,1992,10,0,0
Lithuania,2003,LTU,12068.39105782993,.1615875512361526,-.812278097406687,3415213,68.3,74.59999999999999,83.90000000000001,79.5,64.7,74.09999999999999,56.54000000000001,.5654,-3.1730132,3.005342721939087,1.1003916,,,,,,,,,10480.696,9.2572908,.14105462,Lithuania,14.105461,1992,11,0,0
Lithuania,2004,LTU,13030.83249581646,.1817107945680618,-1.12299127483243,3377075,67,75.09999999999999,72.8,79.59999999999999,67.3,77.90000000000001,56.54000000000001,.5654,-3.2501063,3.039621829986572,1.1117331,,,,,,,,,12068.391,9.398345,.07672859,Lithuania,7.6728592,1992,12,1,1
Lithuania,2005,LTU,14510.59678493635,.1974571645259857,-1.62840112593427,3322528,64.40000000000001,74,69.90000000000001,77.5,67.90000000000001,74.5,54.7,.54699999,-3.3897831,3.074291706085205,1.1230745,,,,,,,,,13030.832,9.4750738,.10756095,Lithuania,10.756095,1992,13,1,1
Lithuania,2006,LTU,16483.85035827064,.2292661368846893,-1.59637831830094,3269909,59.5,73.7,74.90000000000001,78.40000000000001,69.40000000000001,74.5,55.25,.55250001,-3.3803301,3.089218378067017,1.1279181,,,,,,,,,14510.597,9.5826349,.12750195,Lithuania,12.750195,1992,14,1,1
Lithuania,2007,LTU,19098.86534063617,.289483368396759,-1.187947957259,3231294,58.7,72.8,76.3,81.09999999999999,69.90000000000001,74,55.25,.55250001,-3.2670026,3.104217052459717,1.1327615,,,,,,,,,16483.85,9.7101364,.14724784,Lithuania,14.724784,1992,15,1,1
Lithuania,2008,LTU,20721.13933199787,.2638718783855438,-1.02848317546539,3198231,60.7,70.40000000000001,70.7,81.09999999999999,70.7,72.59999999999999,55.25,.55250001,-3.226022,3.119288682937622,1.137605,,,,,,,,,19098.865,9.8573837,.081525482,Lithuania,8.1525478,1992,16,1,1
Lithuania,2009,LTU,18116.22852899704,.1160656213760376,-1.11034575437238,3162916,65.09999999999999,73.2,69.2,78,69.7,74.40000000000001,55.25,.55250001,-3.24685,3.134433507919312,1.1424484,,,,,,,,,20721.139,9.9389095,-.13434623,Lithuania,-13.434623,1992,17,1,1
Lithuania,2010,LTU,20093.34539485759,.186845675110817,-2.09694341985475,3097282,68.59999999999999,73.7,70.59999999999999,79.40000000000001,73,75.40000000000001,55.8,.55800003,-3.5394061,3.149652004241943,1.147292,,,,,,,,,18116.229,9.8045635,.10358055,Lithuania,10.358055,1992,18,1,1
Lithuania,2011,LTU,22884.8755910695,.2135714888572693,-2.25846389882827,3028115,67.3,73,68.7,77.7,72.3,74.59999999999999,53.38,.53380001,-3.5966518,3.165248155593872,1.1522315,,,,,,,,,20093.346,9.908144,.13008754,Lithuania,13.008754,1992,19,1,1
Lithuania,2012,LTU,24703.74039521619,.1971691846847534,-1.34120198821595,2987773,68.2,74.40000000000001,72.5,82.90000000000001,75.59999999999999,75.09999999999999,53.38,.53380001,-3.3080356,3.181024551391602,1.1572033,,,,,,,,,22884.875,10.038232,.076478451,Lithuania,7.6478453,1992,20,1,1
Lithuania,2013,LTU,26721.70021659191,.1977443844079971,-1.01200736818103,2957689,67.8,74.40000000000001,80.59999999999999,84.8,73.2,75.59999999999999,53.38,.53380001,-3.2218821,3.196984529495239,1.1622081,,,,,,,,,24703.74,10.11471,.078521319,Lithuania,7.8521318,1992,21,1,1
Lithuania,2014,LTU,28184.28130231679,.1957545429468155,-.859827343070249,2932367,70.2,78.8,70.5,85.59999999999999,78.8,76.40000000000001,53.38,.53380001,-3.1844327,3.213129997253418,1.1672455,,,,,,,,,26721.701,10.193232,.053288408,Lithuania,5.3288407,1992,22,1,1
Lithuania,2015,LTU,28834.55702424108,.2100398689508438,-.940753796646208,2904910,70,84.3,70.5,86.7,80.5,77.3,50.96,.50959998,-3.2041728,3.229464292526245,1.1723163,,,,,,,,,28184.281,10.24652,.022810144,Lithuania,2.2810144,1992,23,1,1
Moldova,1990,MDA,6922.254699861846,.1147835180163383,.461654049432667,2965978,,,,,,,41.44,.41440001,-2.9074185,2.575507164001465,.94604647,0,0,.1,.04,-3.2188759,.0016,-2.1647074,-.88092357,,,,Moldova,,1994,-4,0,0
Moldova,1991,MDA,5996.714006887917,.1030050963163376,.243535095180549,2973210,,,,,,,42.91,.42910001,-2.9481742,2.595786333084106,.95388949,.1,.1,.1,.1,-2.3025851,.0099999998,-2.2729769,-.84606528,6922.2549,8.8424969,-.14352991,Moldova,-14.352991,1994,-3,0,0
Moldova,1992,MDA,4345.036182835399,.2547040581703186,.0810579467465175,2975621,,,,,,,42.91,.42910001,-2.9796507,2.616225004196167,.96173245,.5,.5,.2,.38,-.96758401,.1444,-1.367653,-.84606528,5996.7139,8.698967,-.32217756,Moldova,-32.217754,1994,-2,0,0
Moldova,1993,MDA,4395.839062565145,.2322181016206741,-.0270232209761006,2974817,,,,,,,42.91,.42910001,-3.0011516,2.636824607849121,.96957541,.7,.6,.3,.51,-.67334455,.26010001,-1.4600782,-.84606528,4345.0361,8.3767891,.011624351,Moldova,1.1624351,1994,-1,0,0
Moldova,1994,MDA,3109.942463381962,.1199573129415512,-.243403376968124,2967585,,,,,,,42.91,.42910001,-3.0456378,2.657586574554443,.97741842,.7,.6,.4,.55,-.59783697,.30250001,-2.1206193,-.84606528,4395.8389,8.3884134,-.34605417,Moldova,-34.605415,1994,0,0,0
Moldova,1996,MDA,3021.309883289123,.1023510247468948,-.200220624729015,2947293,39.8,47.5,47.9,52.2,47.7,52,44.88,.4488,-3.0366004,2.694856643676758,.99134499,,,,,,,,,3109.9424,8.0423594,-.028913725,Moldova,-2.8913724,1994,2,0,0
Moldova,1998,MDA,2964.601516557693,.1273242235183716,-.0403975726076274,2935227,42.8,45.4,61.2,49.5,49.5,51.7,44.88,.4488,-3.0038445,2.727845430374146,1.003512,,,,,,,,,3021.3098,8.0134459,-.018947823,Moldova,-1.8947823,1994,4,0,0
Moldova,2000,MDA,3044.670505778286,.1368164867162704,-.203371722054682,2924668,34.6,35,31.7,48.4,37.3,46.3,45.38,.45379999,-3.037257,2.761238098144531,1.0156791,,,,,,,,,2964.6016,7.9944978,.026650043,Moldova,2.6650043,1994,6,0,0
Moldova,2002,MDA,3632.610918247395,.1377262026071548,-.231580062051396,2911385,18,33.5,41.8,40,34.3,32.3,46.63500000000001,.46634999,-3.0431552,2.795776128768921,1.0281098,,,,,,,,,3044.6704,8.0211477,.176559,Moldova,17.655901,1994,8,0,0
Moldova,2003,MDA,3959.951509926516,.1439655423164368,-.281602495320467,2903198,21.2,30.8,39.7,39.5,36.8,32.8,46.63500000000001,.46634999,-3.0537009,2.813206911087036,1.0343251,,,,,,,,,3632.6108,8.1977072,.086280152,Moldova,8.6280155,1994,9,0,0
Moldova,2004,MDA,4378.174757879628,.1552833169698715,-.247447154059097,2896023,14.8,22.4,37.9,37.8,42.8,29.8,46.63500000000001,.46634999,-3.0464883,2.830746173858643,1.0405403,,,,,,,,,3959.9514,8.283987,.10040016,Moldova,10.040016,1994,10,0,0
Moldova,2005,MDA,4865.934564246976,.171713650226593,-.243318711825946,2888985,30.2,26.5,34.5,36.8,42.1,30.8,47.89,.47889999,-3.04562,2.848395109176636,1.0467557,,,,,,,,,4378.1748,8.384387,.10562687,Moldova,10.562687,1994,11,0,0
Moldova,2006,MDA,5271.38970423064,.1713713407516479,-.277922768195992,2880967,31.7,25.9,31.9,42.2,38.3,37,53.08,.53079998,-3.0529213,2.890819072723389,1.0615399,,,,,,,,,4865.9346,8.4900141,.080035232,Moldova,8.0035229,1994,12,0,0
Moldova,2007,MDA,5589.568507652017,.1953933835029602,-.231718324871942,2874299,29.6,21.8,42.5,46.1,37.3,37,53.08,.53079998,-3.0431843,2.933874845504761,1.076324,,,,,,,,,5271.3896,8.5700493,.058608077,Moldova,5.8608079,1994,13,0,0
Moldova,2008,MDA,6153.351521380805,.1950590908527374,-.190349156188775,2868833,33,24.3,35.6,49,40.4,36.5,53.08,.53079998,-3.0345457,2.977571487426758,1.0911081,,,,,,,,,5589.5684,8.6286573,.096094832,Moldova,9.6094828,1994,14,0,0
Moldova,2009,MDA,5827.178888855629,.1139423400163651,-.12626339171085,2865213,26.8,35.9,26.1,49.3,41.7,37.4,53.08,.53079998,-3.0213094,3.02191948890686,1.1058922,,,,,,,,,6153.3516,8.7247524,-.054463916,Moldova,-5.4463916,1994,15,0,0
Moldova,2010,MDA,6323.062878990409,.1140309944748878,-.0998329740168972,2862354,29,30.6,33.2,49.3,43.6,46.9,58.27,.58270001,-3.0159009,3.066927909851074,1.1206764,,,,,,,,,5827.1787,8.6702881,.081670769,Moldova,8.1670771,1994,16,0,0
Moldova,2011,MDA,6832.941565029611,.106339804828167,-.0578362648793712,2860699,30.8,31.3,45.5,51.2,45.5,51.2,45.8,.458,-3.0073669,3.115653991699219,1.1364391,,,,,,,,,6323.063,8.7519588,.077551521,Moldova,7.7551522,1994,17,0,0
Moldova,2012,MDA,7254.662490323135,.1037618368864059,-.0131095435392298,2860324,31.8,33.6,46.9,49.3,46,47.4,45.8,.458,-2.9983575,3.166239738464355,1.1525447,,,,,,,,,6832.9414,8.8295107,.059889123,Moldova,5.9889121,1994,18,0,0
Moldova,2013,MDA,8232.523804736804,.1116229444742203,-.0267837694756349,2859558,23.7,41.7,46,49.3,43.2,46,45.8,.458,-3.0011034,3.218774080276489,1.1690006,,,,,,,,,7254.6626,8.8893995,.12644824,Moldova,12.644824,1994,19,0,0
Moldova,2014,MDA,8643.064314353434,.1221515163779259,-.0609720602101012,2857815,21.2,38.5,39,52.9,46.2,49.3,45.8,.458,-3.0080016,3.273351669311523,1.1858144,,,,,,,,,8232.5234,9.0158482,.048664603,Moldova,4.8664603,1994,20,0,0
Moldova,2015,MDA,9197.618382042723,.1042665541172028,-.767049559673864,2835978,18.1,27.1,34.8,50,42.4,48.8,33.33,.33329999,-3.162271,3.330072164535522,1.202994,,,,,,,,,8643.0645,9.0645123,.062187377,Moldova,6.2187376,1994,21,0,0
Poland,1990,POL,6180.985688495627,.1997888386249542,.392398205207372,38110782,,,,,,,49.16,.49160001,-2.9201801,2.732218503952026,1.005114,.7,.7,.5,.62,-.47803581,.38440001,-1.6104943,-.71008986,,,,Poland,,1997,-7,0,0
Poland,1991,POL,5920.677521220406,.1651241183280945,.354679168347882,38246193,,,,,,,51.735,.51735002,-2.9271994,2.764779567718506,1.0169609,.9,.8,.5,.71,-.34249032,.50410002,-1.8010578,-.65903562,6180.9858,8.7292328,-.043026891,Poland,-4.3026891,1997,-6,0,0
Poland,1992,POL,6188.891198436405,.1354543715715408,.306681390812185,38363667,,,,,,,51.735,.51735002,-2.9362035,2.797728300094604,1.0288078,.9,.9,.6,.78,-.24846137,.60839999,-1.9991205,-.65903562,5920.6777,8.6862059,.044305019,Poland,4.4305019,1997,-5,0,0
Poland,1993,POL,6555.735906387406,.144993931055069,.254450913938076,38461408,,,,,,,51.735,.51735002,-2.9460948,2.831069946289063,1.0406547,.9,.9,.7,.82,-.19845094,.6724,-1.9310634,-.65903562,6188.8911,8.7305117,.05758445,Poland,5.7584448,1997,-4,0,0
Poland,1994,POL,7035.257483566072,.1456030756235123,.211012328819338,38542652,,,,,,,51.735,.51735002,-2.954396,2.864809036254883,1.0525017,.9,.9,.7,.82,-.19845094,.6724,-1.9268711,-.65903562,6555.7358,8.7880955,.070593923,Poland,7.0593925,1997,-3,0,0
Poland,1996,POL,8275.189147416104,.1783300340175629,.0760741823645528,38624370,75.8,75.40000000000001,73.90000000000001,72.3,70.90000000000001,80,57.1,.57099998,-2.9806321,2.922514200210571,1.0724443,,,,,,,,,7035.2573,8.8586893,.16232751,Poland,16.232752,1997,-1,0,0
Poland,1998,POL,9487.685484872054,.2057394236326218,.0357533013623718,38663481,77.5,72.09999999999999,74.5,70.7,72.5,81.09999999999999,57.1,.57099998,-2.9886072,2.970218658447266,1.0886356,,,,,,,,,8275.1895,9.0210171,.13673288,Poland,13.673287,1997,1,0,0
Poland,2000,POL,10673.47771163807,.2015878707170486,-1.04433539837844,38258629,73.40000000000001,69.40000000000001,59.3,72.8,69.2,81.09999999999999,59.89,.59890002,-3.2300215,3.018702030181885,1.1048269,,,,,,,,,9487.6855,9.1577501,.11776724,Poland,11.776725,1997,3,1,0
Poland,2002,POL,11804.26626167513,.1538928747177124,-.0463189372499392,38230364,68.8,66.5,71.40000000000001,69.2,67.7,80.59999999999999,59.355,.59355003,-3.0050392,3.05807900428772,1.1177869,,,,,,,,,10673.478,9.2755175,.10069908,Poland,10.069908,1997,5,1,0
Poland,2003,POL,12289.14391555819,.1564281135797501,-.067492701646486,38204570,69.8,67.59999999999999,65.3,71.40000000000001,65.2,79.09999999999999,59.355,.59355003,-3.0093226,3.077959775924683,1.124267,,,,,,,,,11804.267,9.3762159,.040255222,Poland,4.0255222,1997,6,1,0
Poland,2004,POL,13354.06155094901,.1817135065793991,-.0585127351273288,38182222,58.1,67.2,51,73.09999999999999,61.5,82.2,59.355,.59355003,-3.0075037,3.097969770431519,1.130747,,,,,,,,,12289.144,9.4164715,.083104342,Poland,8.3104343,1997,7,1,1
Poland,2005,POL,13896.79338025137,.1881885677576065,-.043948953332248,38165445,62,66.2,56.8,72.5,62.7,78.40000000000001,58.82,.58819997,-3.0045609,3.118109703063965,1.1372269,,,,,,,,,13354.062,9.4995756,.03983755,Poland,3.9837551,1997,8,1,1
Poland,2006,POL,15152.2460110485,.1966416984796524,-.0633705742926632,38141267,63.4,64.40000000000001,55.1,71.59999999999999,62.2,73.59999999999999,59.695,.59694999,-3.0084875,3.140255928039551,1.1443043,,,,,,,,,13896.793,9.5394135,.086490683,Poland,8.6490679,1997,9,1,1
Poland,2007,POL,16806.65043368537,.2099182456731796,-.0543050208038707,38120560,63.6,66,70,73.8,62.7,73.09999999999999,59.695,.59694999,-3.0066526,3.162559270858765,1.1513816,,,,,,,,,15152.246,9.6259041,.10362589,Poland,10.362589,1997,10,1,1
Poland,2008,POL,18303.35291979758,.2105667889118195,.0136373796827091,38125759,70.90000000000001,67.5,77.90000000000001,74.8,66.8,76,59.695,.59694999,-2.9930086,3.185021162033081,1.1584589,,,,,,,,,16806.65,9.7295303,.085309595,Poland,8.5309591,1997,11,1,1
Poland,2009,POL,19239.37264313866,.1739740818738937,.067763227021235,38151603,70.3,68.90000000000001,81.5,78.90000000000001,67.8,80.09999999999999,59.695,.59694999,-2.9822707,3.207642555236816,1.1655363,,,,,,,,,18303.354,9.8148394,.049874544,Poland,4.9874544,1997,12,1,1
Poland,2010,POL,20887.20936791019,.184791699051857,-.285609121534849,38042794,71.90000000000001,70.8,84.40000000000001,81.3,68.7,80.09999999999999,60.57,.60570002,-3.0545504,3.230424642562866,1.1726136,,,,,,,,,19239.373,9.8647137,.082178123,Poland,8.2178125,1997,13,1,1
Poland,2011,POL,22658.3773208623,.1864428669214249,.0537697088781007,38063255,71.59999999999999,70.09999999999999,85.8,78.7,72.8,80.3,56.86,.5686,-2.9850357,3.254019737243652,1.1798911,,,,,,,,,20887.209,9.9468918,.081392683,Poland,8.1392679,1997,14,1,1
Poland,2012,POL,23589.14757432886,.1823844462633133,-.0002390760032984,38063164,73,70.59999999999999,86.3,79.09999999999999,73.2,82.59999999999999,56.86,.5686,-2.99578,3.278010845184326,1.1872368,,,,,,,,,22658.377,10.028285,.04025713,Poland,4.025713,1997,15,1,1
Poland,2013,POL,24319.88029350658,.1678418517112732,-.0603600174744649,38040196,73,70.59999999999999,81.5,80.59999999999999,74.2,79.3,56.86,.5686,-3.0078778,3.302406072616577,1.1946514,,,,,,,,,23589.148,10.068542,.030507341,Poland,3.050734,1997,16,1,1
Poland,2014,POL,25316.33154459485,.1844851225614548,-.0748462292920506,38011735,72.59999999999999,74.5,76.2,81.3,78.40000000000001,82.3,56.86,.5686,-3.0108147,3.327214002609253,1.2021353,,,,,,,,,24319.881,10.09905,.040155545,Poland,4.0155544,1997,17,1,1
Poland,2015,POL,26822.66424784061,.185588464140892,-.0666411009657168,37986412,74.8,74.3,74.8,79.5,76.2,81.8,53.15,.53149998,-3.00915,3.352443218231201,1.2096894,,,,,,,,,25316.332,10.139205,.057797488,Poland,5.7797489,1997,18,1,1
Romania,1990,ROU,5276.71695807194,.2084488868713379,.17417662808295,23201835,,,,,,,42.76,.4276,-2.9614899,2.750293254852295,1.0117075,.5,.1,.1,.22,-1.5141277,.0484,-1.5680615,-.84956712,,,,Romania,,1991,-1,0,0
Romania,1991,ROU,4791.902464397179,.1710022687911987,-.868693831241648,23001155,,,,,,,44.76,.44760001,-3.1865766,2.77137565612793,1.0193439,.5,.3,.3,.36,-1.0216513,.1296,-1.7660785,-.8038553,5276.7168,8.5710592,-.096376576,Romania,-9.6376572,1991,0,0,0
Romania,1992,ROU,4511.992639870297,.1643310338258743,-.9034629284532,22794284,,,,,,,44.76,.44760001,-3.1950283,2.792619466781616,1.02698,.5,.6,.3,.45,-.79850769,.2025,-1.8058724,-.8038553,4791.9023,8.4746828,-.060188599,Romania,-6.0188599,1991,1,0,0
Romania,1993,ROU,4695.944755713764,.1615637093782425,-.136109142211483,22763280,,,,,,,44.76,.44760001,-3.0233314,2.814026594161987,1.0346164,.7,.7,.4,.58,-.54472715,.3364,-1.8228557,-.8038553,4511.9927,8.4144945,.039960429,Romania,3.996043,1991,2,0,0
Romania,1994,ROU,4992.048943549083,.1397394388914108,-.14537906455364,22730211,,,,,,,44.76,.44760001,-3.0252392,2.835597515106201,1.0422527,.8,.8,.5,.68,-.38566247,.46239999,-1.9679757,-.8038553,4695.9448,8.4544544,.061147101,Romania,6.1147103,1991,3,0,0
Romania,1996,ROU,5743.530664787008,.1221030727028847,-.288129485530899,22619004,39.2,45.9,67.59999999999999,56,50.3,59.5,48.885,.48885,-3.0550852,2.873183488845825,1.0554206,,,,,,,,,4992.0488,8.5156021,.14022771,Romania,14.022771,1991,5,0,0
Romania,1998,ROU,5544.293551220057,.1319067627191544,-.206980241940766,22507344,33.2,33.3,63.8,60.3,48,60.7,48.885,.48885,-3.0380096,2.905147075653076,1.066484,,,,,,,,,5743.5308,8.6558294,-.035304926,Romania,-3.5304925,1991,7,0,0
Romania,2000,ROU,5848.845147606758,.1409386545419693,-.129440039806255,22442971,38.3,47,32.8,51.1,45.8,63.7,51.01,.51010001,-3.0219612,2.937466144561768,1.0775473,,,,,,,,,5544.2935,8.6205244,.053475037,Romania,5.3475037,1991,9,0,0
Romania,2002,ROU,7301.259786530351,.1477630585432053,-1.83065499370162,21730496,40.7,49.7,63.5,56.2,44.3,60.7,51.94,.5194,-3.4516451,2.963812112808228,1.0864763,,,,,,,,,5848.8452,8.6739998,.22180267,Romania,22.180267,1991,11,0,0
Romania,2003,ROU,7560.357047477458,.151617631316185,-.7212622974018,21574326,42.9,47,57.8,54.1,45.8,57.7,51.94,.5194,-3.1515121,2.977073192596436,1.0909407,,,,,,,,,7301.2598,8.8958025,.034871515,Romania,3.4871514,1991,12,0,0
Romania,2004,ROU,8990.430211269282,.1736689358949661,-.5697862725328789,21451748,44.8,51.2,47.6,60.2,47.1,60.1,51.94,.5194,-3.1167223,2.990394115447998,1.0954052,,,,,,,,,7560.3569,8.9306736,.1732423,Romania,17.32423,1991,13,1,0
Romania,2005,ROU,9601.992537777012,.1871950030326843,-.61753095660306,21319685,48.8,46.1,48.5,58.8,46.9,61.1,52.87,.52869999,-3.127558,3.003774404525757,1.0998696,,,,,,,,,8990.4307,9.1039162,.065809883,Romania,6.5809884,1991,14,1,0
Romania,2006,ROU,11556.49297668073,.2454390823841095,-.592402560029107,21193760,49.3,49.8,49.8,64.7,50.7,63,55.385,.55385,-3.1218405,3.022711992263794,1.1061544,,,,,,,,,9601.9922,9.1697254,.18527685,Romania,18.527685,1991,15,1,0
Romania,2007,ROU,13702.97496671508,.2890507876873016,-1.47722298197717,20882982,51.5,44.2,50.2,67,52.2,61.1,55.385,.55385,-3.3459206,3.04176926612854,1.1124394,,,,,,,,,11556.493,9.3550024,.1703655,Romania,17.036551,1991,16,1,1
Romania,2008,ROU,16781.74128393804,.3118511438369751,-1.66638264306554,20537875,52.9,43.7,50.5,67.5,53.8,62,55.385,.55385,-3.4011121,3.060946226119995,1.1187241,,,,,,,,,13702.975,9.5253677,.20267853,Romania,20.267853,1991,17,1,1
Romania,2009,ROU,16631.08085688324,.2580600678920746,-.833088754778975,20367487,48.8,43.5,56.9,70.3,56.9,60.2,55.385,.55385,-3.1779952,3.080244541168213,1.1250089,,,,,,,,,16781.742,9.7280464,-.0090182358,Romania,-.90182358,1991,18,1,1
Romania,2010,ROU,17352.32464730262,.2441676557064056,-.593959183588628,20246871,45.2,51.2,54,73.2,58.3,59.2,57.9,.579,-3.1221936,3.099664449691772,1.1312939,,,,,,,,,16631.08,9.7190285,.042453244,Romania,4.2453246,1991,19,1,1
Romania,2011,ROU,18801.77740775879,.2689049541950226,-.491866212866043,20147528,46,48.8,53.6,73.90000000000001,57.7,58.7,55.66,.55659997,-3.0992868,3.118466377258301,1.1373414,,,,,,,,,17352.324,9.7614813,.080224954,Romania,8.0224953,1991,20,1,1
Romania,2012,ROU,19808.21130462091,.2596786320209503,-.445177936198383,20058035,44.5,49.3,48.8,68.7,57.7,57.7,55.66,.55659997,-3.0889838,3.137382745742798,1.143389,,,,,,,,,18801.777,9.8417063,.052145161,Romania,5.2145162,1991,21,1,1
Romania,2013,ROU,19676.10047253766,.2590423822402954,-.371323062878035,19983693,47.9,59.2,54,71.59999999999999,58.7,57.7,55.66,.55659997,-3.0728991,3.156413555145264,1.1494365,,,,,,,,,19808.211,9.8938522,-.0066918205,Romania,-.66918206,1991,22,1,1
Romania,2014,ROU,20630.67782293974,.2464871555566788,-.374575497762261,19908979,51.9,62,48.6,70.7,64.90000000000001,60.6,55.66,.55659997,-3.073602,3.175559759140015,1.155484,,,,,,,,,19676.1,9.8871603,.047374502,Romania,4.7374501,1991,23,1,1
Romania,2015,ROU,21622.87229569006,.245272234082222,-.470052227864654,19815616,51.9,56.7,54.3,70,61.4,63.5,53.42,.53420001,-3.0944598,3.194822311401367,1.1615314,,,,,,,,,20630.678,9.9345341,.04697248,Romania,4.697248,1991,24,1,1
Russia,1990,RUS,8027.7890625,.4173046946525574,.168017665366762,147969406,,,,,,,34.33,.34330001,-2.9626811,2.723373413085938,1.0018713,0,0,.1,.04,-3.2188759,.0016,-.87393862,-1.0691506,,,,Russia,,1993,-3,0,0
Russia,1991,RUS,7857.85498046875,.3705288469791412,.286681805330924,148394216,,,,,,,33.465,.33465001,-2.9399793,2.755905628204346,1.0137461,.1,.1,.1,.1,-2.3025851,.0099999998,-.99282396,-1.0946701,8027.7891,8.9906645,-.02139549,Russia,-2.139549,1993,-2,0,0
Russia,1992,RUS,6862.41455078125,.3482054769992828,.0969789790408762,148538197,,,,,,,33.465,.33465001,-2.9765222,2.788826704025269,1.0256209,.6,.5,.4,.49,-.71334988,.2401,-1.0549625,-1.0946701,7857.855,8.9692688,-.13545431,Russia,-13.545431,1993,-1,0,0
Russia,1993,RUS,6419.53662109375,.2941896915435791,-.0534820276606834,148458777,,,,,,,33.465,.33465001,-3.0064864,2.82214093208313,1.0374959,.7,.6,.5,.59,-.52763271,.34810001,-1.2235305,-1.0946701,6862.4146,8.8338146,-.066713415,Russia,-6.6713414,1993,0,0,0
Russia,1994,RUS,5734.421875,.2304374128580093,-.0342679070319955,148407912,,,,,,,33.465,.33465001,-3.0026095,2.855853080749512,1.0493706,.7,.7,.6,.66,-.41551545,.43560001,-1.4677759,-1.0946701,6419.5366,8.7671013,-.112859,Russia,-11.285899,1993,1,0,0
Russia,1996,RUS,5517.85888671875,.1821721941232681,-.145451546598357,148160129,15.1,37.7,12.2,32.6,24.6,43.5,33.015,.33015001,-3.025254,2.943562269210815,1.0796205,,,,,,,,,5734.4219,8.6542425,-.038497038,Russia,-3.8497038,1993,3,0,0
Russia,1998,RUS,5465.05615234375,.120324544608593,-.165486143348056,147670784,21.4,26.2,16,28.8,23.5,36.8,33.015,.33015001,-3.0293896,3.053751468658447,1.1163708,,,,,,,,,5517.8589,8.6157455,-.009615506,Russia,-.96155059,1993,5,0,0
Russia,2000,RUS,6825.3916015625,.1728859096765518,-.420614990249978,146596869,20.2,27.9,10.6,28.8,16.9,37.8,33.43,.33430001,-3.0836055,3.168065547943115,1.1531211,,,,,,,,,5465.0562,8.6061296,.22227532,Russia,22.227531,1993,7,0,0
Russia,2002,RUS,8037.474609375,.1565044373273849,-.460024258081391,145306497,20.6,44.3,24.9,45.4,22.9,36.3,31.07,.3107,-3.0922484,3.191684484481812,1.1605488,,,,,,,,,6825.3916,8.8284054,.16346522,Russia,16.346521,1993,9,0,0
Russia,2003,RUS,9254.537109375,.1673113256692886,-.453780668020263,144648618,25.4,38.9,14.6,51.4,17.9,32.3,31.07,.3107,-3.0908742,3.203559875488281,1.1642627,,,,,,,,,8037.4746,8.9918699,.140999,Russia,14.0999,1993,10,0,0
Russia,2004,RUS,10226.7666015625,.1708082258701324,-.402681471328549,144067316,23.6,40.3,7.8,50.7,18.8,30.8,31.07,.3107,-3.0796969,3.215479373931885,1.1679765,,,,,,,,,9254.5371,9.1328688,.099894531,Russia,9.9894533,1993,11,0,0
Russia,2005,RUS,11822.3466796875,.1685428768396378,-.381452794741516,143518814,21.5,36.3,11.7,51.5,18.7,27.4,28.71,.28709999,-3.0750899,3.22744345664978,1.1716903,,,,,,,,,10226.767,9.2327633,.14498307,Russia,14.498307,1993,12,0,0
Russia,2006,RUS,14912.234375,.176573857665062,-.327445270108383,143049637,19,38.5,19.3,40.2,17.7,22.1,27.06,.27059999,-3.0634642,3.241448640823364,1.1760204,,,,,,,,,11822.347,9.3777466,.23219045,Russia,23.219044,1993,13,0,0
Russia,2007,RUS,16648.2421875,.1902782469987869,-.17108203294568,142805114,16.5,42.2,18.8,47.6,15.8,22.6,27.06,.27059999,-3.0305479,3.255514621734619,1.1803504,,,,,,,,,14912.234,9.6099377,.11012266,Russia,11.012266,1993,14,0,0
Russia,2008,RUS,20163.609375,.1947798728942871,-.0439492591634852,142742366,12.1,41.7,20.2,43.2,15.9,22.6,27.06,.27059999,-3.0045609,3.269641876220703,1.1846805,,,,,,,,,16648.242,9.7200603,.19157483,Russia,19.157482,1993,15,0,0
Russia,2009,RUS,19389.94140625,.1321416795253754,.030107060167659,142785348,11,38.3,17.1,44.5,24.6,23.2,27.06,.27059999,-2.9897289,3.283830165863037,1.1890105,,,,,,,,,20163.609,9.9116344,-.039125018,Russia,-3.9125018,1993,16,0,0
Russia,2010,RUS,20490.126953125,.1553372889757156,.0448964884428055,142849468,13.3,33,18.5,41.6,26.5,23.7,25.41,.25409999,-2.986793,3.298079967498779,1.1933404,,,,,,,,,19389.941,9.87251,.055188712,Russia,5.5188713,1993,17,0,0
Russia,2011,RUS,22789.54296875,.1693370193243027,.118045544446964,143018195,15.6,31.8,17.1,41.2,26.8,24.4,24.815,.24815001,-2.9723976,3.31262993812561,1.1977425,,,,,,,,,20490.127,9.9276981,.10635863,Russia,10.635863,1993,18,0,0
Russia,2012,RUS,24273.517578125,.1741846799850464,.251575708072649,143378447,15.2,36.5,20.9,40.3,22.5,19.2,24.815,.24815001,-2.9466419,3.327325344085693,1.2021688,,,,,,,,,22789.543,10.034057,.063084155,Russia,6.3084154,1993,19,0,0
Russia,2013,RUS,26019.7265625,.1834082156419754,.297503474179596,143805638,15.6,38.4,22.3,39.3,23,18.8,24.815,.24815001,-2.9379346,3.342167139053345,1.2066194,,,,,,,,,24273.518,10.097141,.06946902,Russia,6.9469018,1993,20,0,0
Russia,2014,RUS,25688.2265625,.1642130613327026,.299667432459938,144237223,17.3,46.2,14.8,38,25,20.7,24.815,.24815001,-2.9375262,3.357157945632935,1.2110947,,,,,,,,,26019.727,10.166611,-.012822188,Russia,-1.2822187,1993,21,0,0
Russia,2015,RUS,23994.013671875,.1660393476486206,.279352077762368,144640716,15.7,41.4,13.8,31,22.9,20.2,24.22,.2422,-2.9413669,3.372299194335938,1.2155948,,,,,,,,,25688.227,10.153788,-.068228409,Russia,-6.8228407,1993,22,0,0
Tajikistan,1990,TJK,2573.639788191736,.065658263862133,2.87466415927608,5417860,,,,,,,59.17,.59170002,-2.5415196,2.847841739654541,1.0465615,0,0,.1,.04,-3.2188759,.0016,-2.7232919,-.52475548,,,,Tajikistan,,1994,-4,0,0
Tajikistan,1991,TJK,2410.178680047475,.0604709610342979,2.52325954336764,5556306,,,,,,,62.21,.6221,-2.5871706,2.886538982391357,1.0600582,.1,0,.2,.11,-2.2072749,.0121,-2.8055921,-.47465444,2573.6399,7.8530765,-.065620311,Tajikistan,-6.5620313,1994,-3,0,0
Tajikistan,1992,TJK,1719.310126637821,.0869092270731926,1.78202040547211,5656208,,,,,,,62.21,.6221,-2.6908951,2.925762176513672,1.073555,.4,0,.2,.2,-1.6094379,.039999999,-2.4428911,-.47465444,2410.1787,7.787456,-.33777776,Tajikistan,-33.777775,1994,-2,0,0
Tajikistan,1993,TJK,1455.561421508347,.0805020332336426,1.08314623535537,5717806,,,,,,,62.21,.6221,-2.799648,2.965518474578857,1.0870519,.5,.1,.2,.26,-1.3470737,.067599997,-2.5194728,-.47465444,1719.3102,7.4496784,-.16653147,Tajikistan,-16.653147,1994,-1,0,0
Tajikistan,1994,TJK,1152.61230788227,.0865297913551331,1.49609635787116,5803993,,,,,,,62.21,.6221,-2.7339687,3.005815029144287,1.1005487,.5,.1,.3,.3,-1.2039728,.090000004,-2.4472666,-.47465444,1455.5614,7.2831469,-.23336074,Tajikistan,-23.336073,1994,0,0,0
Tajikistan,1996,TJK,840.7144863761223,.0688586756587029,1.99854825047908,6035600,5.9,6,3.2,6,3,4,66.63499999999999,.66635001,-2.6594675,3.069699764251709,1.1215798,,,,,,,,,1152.6123,7.0497861,-.31553411,Tajikistan,-31.553411,1994,2,0,0
Tajikistan,1998,TJK,907.8465387703159,.0553167052567005,.647491392300949,6156805,4.8,5.5,5.9,8.199999999999999,5,7.5,66.63499999999999,.66635001,-2.8739588,3.116306066513062,1.1366483,,,,,,,,,840.71448,6.734252,.076823257,Tajikistan,7.6823258,1994,4,0,0
Tajikistan,2000,TJK,1038.068524164548,.0460914447903633,1.33895806972214,6272998,5.3,9.300000000000001,7.4,13,6.5,10.4,68.02,.68019998,-2.7584558,3.163619995117188,1.1517169,,,,,,,,,907.84656,6.8110752,.1340417,Tajikistan,13.40417,1994,6,0,0
Tajikistan,2002,TJK,1255.014627215821,.0622079223394394,2.05318718218435,6541755,6.9,7,19.6,7.6,15.9,15.4,66.81999999999999,.66820002,-2.6516905,3.165781259536743,1.1523999,,,,,,,,,1038.0685,6.945117,.18978547,Tajikistan,18.978546,1994,8,0,0
Tajikistan,2003,TJK,1392.735903326582,.0638754665851593,1.97879252509967,6672492,8.5,10.8,18.1,15.1,16.4,15.9,66.81999999999999,.66820002,-2.6622944,3.166862487792969,1.1527413,,,,,,,,,1255.0146,7.1349025,.10412285,Tajikistan,10.412285,1994,9,0,0
Tajikistan,2004,TJK,1547.643168519591,.0548492111265659,1.91062519876215,6801204,7.4,14.4,12.1,13.4,13,14.4,66.81999999999999,.66820002,-2.6721101,3.167943954467773,1.1530827,,,,,,,,,1392.736,7.2390256,.10546311,Tajikistan,10.546311,1994,10,0,0
Tajikistan,2005,TJK,1671.665530582858,.0541047006845474,1.86367736343867,6929145,12.2,11.3,10.7,12.7,14.4,11.1,65.62,.65619999,-2.6789269,3.169026136398315,1.1534244,,,,,,,,,1547.6432,7.3444886,.077087201,Tajikistan,7.7087202,1994,11,0,0
Tajikistan,2006,TJK,1810.329476778042,.0566756837069988,1.83426915710039,7057417,16.1,13.7,11.1,13.7,10.5,9.1,65.01000000000001,.65009999,-2.6832206,3.158856153488159,1.15021,,,,,,,,,1671.6655,7.4215755,.079688407,Tajikistan,7.9688406,1994,12,0,0
Tajikistan,2007,TJK,1967.886586634538,.064353235065937,1.83882431198902,7188391,15,13.6,22.2,13.6,8.1,10.6,65.01000000000001,.65009999,-2.6825542,3.148718595504761,1.1469955,,,,,,,,,1810.3295,7.5012641,.083451316,Tajikistan,8.3451319,1994,13,0,0
Tajikistan,2008,TJK,2124.005741864468,.0733888670802116,1.87748684470733,7324627,9.199999999999999,13.1,18.3,16.5,8.199999999999999,10.1,65.01000000000001,.65009999,-2.6769168,3.138613939285278,1.1437813,,,,,,,,,1967.8866,7.5847154,.076343633,Tajikistan,7.6343632,1994,14,0,0
Tajikistan,2009,TJK,2177.650615565364,.0666399076581001,1.94647975674617,7468596,6.7,12.4,16.1,14.8,8.1,10.4,65.01000000000001,.65009999,-2.6669352,3.128541469573975,1.1405669,,,,,,,,,2124.0059,7.6610589,.024942735,Tajikistan,2.4942734,1994,15,0,0
Tajikistan,2010,TJK,2300.204939838914,.0745389461517334,2.03027773445303,7621779,4.8,18.7,15.6,18.2,10,8.5,64.40000000000001,.64399999,-2.6549439,3.118501424789429,1.1373526,,,,,,,,,2177.6506,7.6860018,.05475162,Tajikistan,5.475162,1994,16,0,0
Tajikistan,2011,TJK,2468.58134915696,.1001581698656082,2.11657481593722,7784819,7.1,17.5,16.6,19,9.9,9.9,58.795,.58794999,-2.6427436,3.108621597290039,1.1341794,,,,,,,,,2300.2048,7.7407537,.070645459,Tajikistan,7.0645461,1994,17,0,0
Tajikistan,2012,TJK,2698.498687051941,.0749737545847893,2.17988187402675,7956382,6.6,19.4,12.3,17.1,9.4,8.5,58.795,.58794999,-2.6338873,3.098814964294434,1.1310197,,,,,,,,,2468.5813,7.811399,.089051962,Tajikistan,8.9051962,1994,18,0,0
Tajikistan,2013,TJK,2947.296962994664,.0876035094261169,2.23992574371256,8136610,7.1,14.2,13.3,15.2,8.5,6.1,58.795,.58794999,-2.6255593,3.089081048965454,1.1278737,,,,,,,,,2698.4988,7.9004507,.088192858,Tajikistan,8.8192854,1994,19,0,0
Tajikistan,2014,TJK,3189.275646389844,.1068891584873199,2.30513133268516,8326348,12,21.2,23.3,15.4,13.5,6.9,58.795,.58794999,-2.6165931,3.079419374465942,1.1247411,,,,,,,,,2947.2969,7.9886436,.078905381,Tajikistan,7.8905382,1994,20,0,0
Tajikistan,2015,TJK,3017.281199174321,.1222898066043854,2.34681604248609,8524063,11.9,18.6,18.6,12.9,12.4,5.9,53.19,.53189999,-2.6109033,3.069828987121582,1.1216218,,,,,,,,,3189.2756,8.0675488,-.055437658,Tajikistan,-5.543766,1994,21,0,0
Ukraine,1990,UKR,7614.3427734375,.3387908935546875,.228429531226359,51891400,,,,,,,43.99,.43990001,-2.9510593,2.765498161315918,1.0172207,0,0,.1,.04,-3.2188759,.0016,-1.0823722,-.82120782,,,,Ukraine,,1996,-6,0,0
Ukraine,1991,UKR,7171.91650390625,.2903605103492737,.210026075380664,52000500,,,,,,,44.205,.44205001,-2.9545853,2.79987621307373,1.0295752,.1,.1,.1,.1,-2.3025851,.0099999998,-1.236632,-.81633228,7614.3428,8.937789,-.059860762,Ukraine,-5.9860764,1996,-5,0,0
Ukraine,1992,UKR,6590.15673828125,.2586961686611176,.287851767971729,52150400,,,,,,,44.205,.44205001,-2.9397581,2.834681749343872,1.0419297,.3,.2,.2,.23,-1.469676,.052900001,-1.352101,-.81633228,7171.9165,8.8779278,-.084595785,Ukraine,-8.4595785,1996,-4,0,0
Ukraine,1993,UKR,5785.18603515625,.2452402114868164,.0552096446867263,52179200,,,,,,,44.205,.44205001,-2.9847507,2.869920015335083,1.0542842,.2,.1,.1,.13,-2.0402207,.016899999,-1.4055171,-.81633228,6590.1567,8.7933321,-.13027662,Ukraine,-13.027662,1996,-3,0,0
Ukraine,1994,UKR,4578.23583984375,.2124415785074234,-.495291145323964,51921400,,,,,,,44.205,.44205001,-3.1000469,2.905596017837524,1.0666386,.4,.2,.2,.26,-1.3470737,.067599997,-1.5490882,-.81633228,5785.186,8.6630554,-.23398678,Ukraine,-23.398678,1996,-2,0,0
Ukraine,1996,UKR,3824.8125,.0958446264266968,-.887199615688563,51057800,13.4,27.9,42.6,33.7,22.6,39.5,43.8,.43799999,-3.191066,2.96716570854187,1.0876071,,,,,,,,,4578.2358,8.4290686,-.1798043,Ukraine,-17.980429,1996,0,0,0
Ukraine,1998,UKR,3812.138671875,.1126422807574272,-.893601382431078,50144500,4.3,22.4,39.9,23.4,18.5,43.3,43.8,.43799999,-3.1926239,3.018728256225586,1.1048356,,,,,,,,,3824.8125,8.2492647,-.0033190837,Ukraine,-.33190838,1996,2,0,0
Ukraine,2000,UKR,4260.8017578125,.1260318458080292,-1.00657902702927,49176500,11.2,27.3,32.3,34.2,15.9,30.8,43.18,.43180001,-3.2205219,3.071186780929565,1.1220641,,,,,,,,,3812.1387,8.2459459,.11126699,Ukraine,11.126698,1996,4,0,0
Ukraine,2002,UKR,5173.30322265625,.1395356208086014,-.949639340714078,48202470,9.5,29.2,34.4,29.2,23.9,33.3,43.11,.43110001,-3.2063642,3.111612796783447,1.1351411,,,,,,,,,4260.8018,8.357213,.19405405,Ukraine,19.405405,1996,6,0,0
Ukraine,2003,UKR,5824.55126953125,.1563227027654648,-.811376216452802,47812949,16.4,30.3,34.7,34.1,24.9,30.8,43.11,.43110001,-3.1727979,3.132025003433228,1.1416798,,,,,,,,,5173.3032,8.5512667,.11857056,Ukraine,11.857056,1996,7,0,0
Ukraine,2004,UKR,6737.595703125,.150614395737648,-.758571027336172,47451626,16.3,30.3,29.6,42.3,24.5,28.4,43.11,.43110001,-3.16027,3.152570962905884,1.1482183,,,,,,,,,5824.5513,8.669837,.14562118,Ukraine,14.562119,1996,8,0,0
Ukraine,2005,UKR,7214.943359375,.1503376811742783,-.732800943705215,47105171,24.9,31.9,37.4,33.8,25.8,39.4,43.04,.43040001,-3.1542125,3.173251628875732,1.1547568,,,,,,,,,6737.5957,8.8154583,.068451203,Ukraine,6.8451204,1996,9,0,0
Ukraine,2006,UKR,8054.83203125,.1609677672386169,-.676059672626708,46787786,24.9,36.6,43.5,33.8,24.9,47.6,42.02,.42019999,-3.1410031,3.181306838989258,1.1572921,,,,,,,,,7214.9434,8.8839092,.11011782,Ukraine,11.011783,1996,10,0,0
Ukraine,2007,UKR,9006.3564453125,.1777995526790619,-.5968710801188229,46509355,21.4,25.7,48.8,37.4,26.8,49.5,42.02,.42019999,-3.1228547,3.189382791519165,1.1598275,,,,,,,,,8054.832,8.9940271,.11165844,Ukraine,11.165844,1996,11,0,0
Ukraine,2008,UKR,9436.7939453125,.1725311279296875,-.541496740974727,46258189,19.9,22.8,45.7,34,27.4,50.5,42.02,.42019999,-3.110357,3.197478771209717,1.1623626,,,,,,,,,9006.3564,9.1056862,.046685699,Ukraine,4.66857,1996,12,0,0
Ukraine,2009,UKR,8093.63427734375,.0897541865706444,-.443841324029999,46053331,15.3,21.5,34.1,31.6,25.6,50.2,42.02,.42019999,-3.0886903,3.205595731735229,1.1648979,,,,,,,,,9436.7939,9.1523714,-.15353844,Ukraine,-15.353844,1996,13,0,0
Ukraine,2010,UKR,8561.1552734375,.1085402369499207,-.397263167656909,45870741,16.2,23.9,45.5,35.4,23.7,45,41,.41,-3.0785191,3.213732957839966,1.1674331,,,,,,,,,8093.6343,8.9988327,.056157283,Ukraine,5.6157284,1996,14,0,0
Ukraine,2011,UKR,9246.76953125,.1111338958144188,-.359600092788762,45706086,14.7,20.9,43.6,32.2,23,44.6,40.09,.40090001,-3.0703697,3.221972465515137,1.1699938,,,,,,,,,8561.1553,9.0549908,.077039108,Ukraine,7.7039108,1996,15,0,0
Ukraine,2012,UKR,9681.5224609375,.1079963073134422,-.246976481186878,45593342,12.3,32.7,41.7,31.3,24.4,40.4,40.09,.40090001,-3.0463893,3.230260848999023,1.1725628,,,,,,,,,9246.7695,9.1320295,.045944918,Ukraine,4.594492,1996,16,0,0
Ukraine,2013,UKR,11056.5419921875,.0943420752882957,-.227691350050529,45489648,10.9,29.9,20.9,30.3,22.5,37.6,40.09,.40090001,-3.04234,3.238597869873047,1.1751405,,,,,,,,,9681.5225,9.1779747,.13280313,Ukraine,13.280313,1996,17,0,0
Ukraine,2014,UKR,10664.6240234375,.0691243931651115,-.479262000344597,45272155,14.4,39.9,5.7,31.3,20.7,43.3,40.09,.40090001,-3.0964949,3.246984243392944,1.1777266,,,,,,,,,11056.542,9.3107777,-.036090191,Ukraine,-3.609019,1996,18,0,0
Ukraine,2015,UKR,10064.8427734375,.0901409760117531,-.231768289564786,45167350,13.8,33.3,5.2,30,20,43.8,39.18,.39179999,-3.0431948,3.255420207977295,1.1803213,,,,,,,,,10664.624,9.2746878,-.057883661,Ukraine,-5.7883663,1996,19,0,0
